timestamp,api_requests
2026-05-05 12:00:01,4
2026-05-05 12:00:13,6
2026-05-05 12:00:25,3
2026-05-05 12:00:37,7
2026-05-05 12:00:49,5
2026-05-05 12:01:01,4
2026-05-05 12:01:13,6
2026-05-05 12:01:25,2
2026-05-05 12:01:37,8
2026-05-05 12:01:49,5
2026-05-05 12:02:01,3
2026-05-05 12:02:13,7
2026-05-05 12:02:25,4
2026-05-05 12:02:37,6
2026-05-05 12:02:49,5
2026-05-05 12:03:01,9
2026-05-05 12:03:13,3
2026-05-05 12:03:25,4
2026-05-05 12:03:37,6
2026-05-05 12:03:49,7
2026-05-05 12:04:01,5
2026-05-05 12:04:13,4
2026-05-05 12:04:25,6
2026-05-05 12:04:37,3
2026-05-05 12:04:49,8
2026-05-05 12:05:01,5
2026-05-05 12:05:13,4
2026-05-05 12:05:25,7
2026-05-05 12:05:37,6
2026-05-05 12:05:49,5
2026-05-05 12:06:01,3
2026-05-05 12:06:13,8
2026-05-05 12:06:25,4
2026-05-05 12:06:37,6
2026-05-05 12:06:49,5
2026-05-05 12:07:01,7
2026-05-05 12:07:13,4
2026-05-05 12:07:25,5
2026-05-05 12:07:37,6
2026-05-05 12:07:49,3
2026-05-05 12:08:01,9
2026-05-05 12:08:13,4
2026-05-05 12:08:25,5
2026-05-05 12:08:37,7
2026-05-05 12:08:49,6
2026-05-05 12:09:01,5
2026-05-05 12:09:13,4
2026-05-05 12:09:25,6
2026-05-05 12:09:37,3
2026-05-05 12:09:49,8