timestamp,gateway_requests,vm_1_requests,vm_2_requests,vm_3_requests,vm_4_requests,vm_5_requests,vm_6_requests,vm_7_requests,vm_8_requests,avg_requests_per_vm,max_vm_requests,min_vm_requests,load_spread
2026-05-04 00:00:00,161,20,21,20,20,20,20,20,20,20.12,21,20,1
2026-05-04 00:01:00,83,10,11,10,10,11,10,11,10,10.38,11,10,1
2026-05-04 00:02:00,97,12,13,12,12,12,12,12,12,12.12,13,12,1
2026-05-04 00:03:00,166,21,21,20,21,21,21,21,20,20.75,21,20,1
2026-05-04 00:04:00,107,13,13,13,14,14,13,14,13,13.38,14,13,1
2026-05-04 00:05:00,83,10,10,10,11,10,11,11,10,10.38,11,10,1
2026-05-04 00:06:00,169,21,21,21,21,21,21,22,21,21.12,22,21,1
2026-05-04 00:07:00,108,14,13,14,13,14,13,13,14,13.5,14,13,1
2026-05-04 00:08:00,177,22,22,23,22,22,22,22,22,22.12,23,22,1
2026-05-04 00:09:00,169,21,21,21,21,21,21,22,21,21.12,22,21,1
2026-05-04 00:10:00,123,15,16,15,15,16,15,16,15,15.38,16,15,1
2026-05-04 00:11:00,177,22,22,22,22,22,23,22,22,22.12,23,22,1
2026-05-04 00:12:00,93,12,12,12,12,12,11,11,11,11.62,12,11,1
2026-05-04 00:13:00,157,20,19,19,20,20,20,20,19,19.62,20,19,1
2026-05-04 00:14:00,128,16,16,16,16,16,16,16,16,16.0,16,16,0
2026-05-04 00:15:00,90,11,11,11,11,12,11,12,11,11.25,12,11,1
2026-05-04 00:16:00,160,20,20,20,20,20,20,20,20,20.0,20,20,0
2026-05-04 00:17:00,159,20,20,20,20,20,20,20,19,19.88,20,19,1
2026-05-04 00:18:00,178,23,22,22,22,23,22,22,22,22.25,23,22,1
2026-05-04 00:19:00,109,13,14,14,14,13,14,14,13,13.62,14,13,1
2026-05-04 00:20:00,100,12,13,13,12,12,13,13,12,12.5,13,12,1
2026-05-04 00:21:00,169,21,22,21,21,21,21,21,21,21.12,22,21,1
2026-05-04 00:22:00,157,19,20,20,19,20,20,20,19,19.62,20,19,1
2026-05-04 00:23:00,139,17,17,18,17,17,18,18,17,17.38,18,17,1
2026-05-04 00:24:00,168,21,21,21,21,21,21,21,21,21.0,21,21,0
2026-05-04 00:25:00,151,19,19,19,19,19,19,18,19,18.88,19,18,1
2026-05-04 00:26:00,131,17,17,16,16,17,16,16,16,16.38,17,16,1
2026-05-04 00:27:00,152,19,19,19,19,19,19,19,19,19.0,19,19,0
2026-05-04 00:28:00,171,21,22,21,21,21,22,21,22,21.38,22,21,1
2026-05-04 00:29:00,143,18,18,18,18,17,18,18,18,17.88,18,17,1
2026-05-04 00:30:00,175,22,22,21,22,22,22,22,22,21.88,22,21,1
2026-05-04 00:31:00,97,12,12,12,12,12,12,12,13,12.12,13,12,1
2026-05-04 00:32:00,91,12,11,11,11,11,11,12,12,11.38,12,11,1
2026-05-04 00:33:00,99,12,12,13,12,12,13,13,12,12.38,13,12,1
2026-05-04 00:34:00,134,16,17,17,17,17,17,17,16,16.75,17,16,1
2026-05-04 00:35:00,112,14,14,14,14,14,14,14,14,14.0,14,14,0
2026-05-04 00:36:00,150,19,18,19,19,18,19,19,19,18.75,19,18,1
2026-05-04 00:37:00,123,15,16,16,16,15,15,15,15,15.38,16,15,1
2026-05-04 00:38:00,100,13,12,13,12,12,13,12,13,12.5,13,12,1
2026-05-04 00:39:00,144,18,18,18,18,18,18,18,18,18.0,18,18,0
2026-05-04 00:40:00,177,22,22,23,22,22,22,22,22,22.12,23,22,1
2026-05-04 00:41:00,144,18,18,18,18,18,18,18,18,18.0,18,18,0
2026-05-04 00:42:00,93,11,12,11,11,12,12,12,12,11.62,12,11,1
2026-05-04 00:43:00,99,12,13,12,12,12,13,13,12,12.38,13,12,1
2026-05-04 00:44:00,149,19,18,19,19,19,18,18,19,18.62,19,18,1
2026-05-04 00:45:00,94,12,12,12,12,11,12,12,11,11.75,12,11,1
2026-05-04 00:46:00,152,19,19,19,19,19,19,19,19,19.0,19,19,0
2026-05-04 00:47:00,90,11,12,11,11,11,12,11,11,11.25,12,11,1
2026-05-04 00:48:00,142,17,18,18,17,18,18,18,18,17.75,18,17,1
2026-05-04 00:49:00,140,17,17,18,17,18,18,17,18,17.5,18,17,1
2026-05-04 00:50:00,134,16,17,17,17,17,17,17,16,16.75,17,16,1
2026-05-04 00:51:00,165,21,20,20,21,21,21,21,20,20.62,21,20,1
2026-05-04 00:52:00,111,14,14,14,14,14,14,14,13,13.88,14,13,1
2026-05-04 00:53:00,80,10,10,10,10,10,10,10,10,10.0,10,10,0
2026-05-04 00:54:00,89,12,11,11,11,11,11,11,11,11.12,12,11,1
2026-05-04 00:55:00,109,14,14,14,13,13,13,14,14,13.62,14,13,1
2026-05-04 00:56:00,115,14,15,14,14,15,14,14,15,14.38,15,14,1
2026-05-04 00:57:00,96,12,12,12,12,12,12,12,12,12.0,12,12,0
2026-05-04 00:58:00,172,21,22,21,22,21,22,21,22,21.5,22,21,1
2026-05-04 00:59:00,104,13,13,13,13,13,13,13,13,13.0,13,13,0
2026-05-04 01:00:00,92,11,12,12,12,11,12,11,11,11.5,12,11,1
2026-05-04 01:01:00,134,17,16,16,17,17,17,17,17,16.75,17,16,1
2026-05-04 01:02:00,131,17,16,16,16,16,17,17,16,16.38,17,16,1
2026-05-04 01:03:00,111,14,14,13,14,14,14,14,14,13.88,14,13,1
2026-05-04 01:04:00,115,15,15,14,14,14,14,14,15,14.38,15,14,1
2026-05-04 01:05:00,136,17,17,17,17,17,17,17,17,17.0,17,17,0
2026-05-04 01:06:00,150,19,19,18,19,19,19,19,18,18.75,19,18,1
2026-05-04 01:07:00,176,22,22,22,22,22,22,22,22,22.0,22,22,0
2026-05-04 01:08:00,110,13,14,14,14,14,14,14,13,13.75,14,13,1
2026-05-04 01:09:00,87,11,11,11,11,11,10,11,11,10.88,11,10,1
2026-05-04 01:10:00,134,17,17,17,16,16,17,17,17,16.75,17,16,1
2026-05-04 01:11:00,154,20,19,19,19,19,20,19,19,19.25,20,19,1
2026-05-04 01:12:00,120,15,15,15,15,15,15,15,15,15.0,15,15,0
2026-05-04 01:13:00,87,11,11,11,11,11,10,11,11,10.88,11,10,1
2026-05-04 01:14:00,103,13,13,13,13,13,13,12,13,12.88,13,12,1
2026-05-04 01:15:00,154,20,19,19,19,20,19,19,19,19.25,20,19,1
2026-05-04 01:16:00,90,11,11,11,11,11,12,12,11,11.25,12,11,1
2026-05-04 01:17:00,154,19,19,20,19,19,20,19,19,19.25,20,19,1
2026-05-04 01:18:00,106,13,14,13,13,13,14,13,13,13.25,14,13,1
2026-05-04 01:19:00,113,14,14,14,14,14,14,15,14,14.12,15,14,1
2026-05-04 01:20:00,96,12,12,12,12,12,12,12,12,12.0,12,12,0
2026-05-04 01:21:00,165,21,20,21,21,21,20,20,21,20.62,21,20,1
2026-05-04 01:22:00,138,18,18,17,17,17,17,17,17,17.25,18,17,1
2026-05-04 01:23:00,148,18,19,19,19,19,18,18,18,18.5,19,18,1
2026-05-04 01:24:00,124,15,16,16,15,15,16,15,16,15.5,16,15,1
2026-05-04 01:25:00,100,12,12,13,12,13,12,13,13,12.5,13,12,1
2026-05-04 01:26:00,158,20,19,20,20,20,20,19,20,19.75,20,19,1
2026-05-04 01:27:00,113,14,15,14,14,14,14,14,14,14.12,15,14,1
2026-05-04 01:28:00,93,11,12,12,11,12,11,12,12,11.62,12,11,1
2026-05-04 01:29:00,171,21,22,21,21,21,22,21,22,21.38,22,21,1
2026-05-04 01:30:00,161,20,20,20,20,21,20,20,20,20.12,21,20,1
2026-05-04 01:31:00,144,18,18,18,18,18,18,18,18,18.0,18,18,0
2026-05-04 01:32:00,142,18,18,17,18,18,18,18,17,17.75,18,17,1
2026-05-04 01:33:00,85,11,11,11,10,10,11,11,10,10.62,11,10,1
2026-05-04 01:34:00,174,22,21,21,22,22,22,22,22,21.75,22,21,1
2026-05-04 01:35:00,89,11,11,12,11,11,11,11,11,11.12,12,11,1
2026-05-04 01:36:00,149,19,19,19,18,19,18,19,18,18.62,19,18,1
2026-05-04 01:37:00,135,17,17,17,17,16,17,17,17,16.88,17,16,1
2026-05-04 01:38:00,167,21,20,21,21,21,21,21,21,20.88,21,20,1
2026-05-04 01:39:00,110,14,14,14,14,14,13,14,13,13.75,14,13,1
2026-05-04 01:40:00,174,22,22,22,22,21,22,22,21,21.75,22,21,1
2026-05-04 01:41:00,180,23,23,22,23,22,22,23,22,22.5,23,22,1
2026-05-04 01:42:00,108,13,13,14,14,13,13,14,14,13.5,14,13,1
2026-05-04 01:43:00,119,15,15,15,15,15,14,15,15,14.88,15,14,1
2026-05-04 01:44:00,88,11,11,11,11,11,11,11,11,11.0,11,11,0
2026-05-04 01:45:00,178,22,22,23,22,23,22,22,22,22.25,23,22,1
2026-05-04 01:46:00,162,20,20,20,20,20,21,21,20,20.25,21,20,1
2026-05-04 01:47:00,148,19,18,19,18,18,19,19,18,18.5,19,18,1
2026-05-04 01:48:00,102,13,13,12,13,13,12,13,13,12.75,13,12,1
2026-05-04 01:49:00,173,22,21,21,22,22,22,21,22,21.62,22,21,1
2026-05-04 01:50:00,129,16,16,16,17,16,16,16,16,16.12,17,16,1
2026-05-04 01:51:00,112,14,14,14,14,14,14,14,14,14.0,14,14,0
2026-05-04 01:52:00,85,11,11,10,10,11,11,11,10,10.62,11,10,1
2026-05-04 01:53:00,126,16,15,16,16,16,16,16,15,15.75,16,15,1
2026-05-04 01:54:00,95,11,12,12,12,12,12,12,12,11.88,12,11,1
2026-05-04 01:55:00,150,18,19,19,19,18,19,19,19,18.75,19,18,1
2026-05-04 01:56:00,152,19,19,19,19,19,19,19,19,19.0,19,19,0
2026-05-04 01:57:00,118,15,14,15,14,15,15,15,15,14.75,15,14,1
2026-05-04 01:58:00,135,16,17,17,17,17,17,17,17,16.88,17,16,1
2026-05-04 01:59:00,174,22,21,22,21,22,22,22,22,21.75,22,21,1
2026-05-04 02:00:00,176,22,22,22,22,22,22,22,22,22.0,22,22,0
2026-05-04 02:01:00,110,14,14,13,14,14,14,14,13,13.75,14,13,1
2026-05-04 02:02:00,111,14,13,14,14,14,14,14,14,13.88,14,13,1
2026-05-04 02:03:00,171,21,21,21,22,21,21,22,22,21.38,22,21,1
2026-05-04 02:04:00,111,14,14,14,14,14,14,14,13,13.88,14,13,1
2026-05-04 02:05:00,102,13,13,12,12,13,13,13,13,12.75,13,12,1
2026-05-04 02:06:00,97,12,12,12,12,12,12,12,13,12.12,13,12,1
2026-05-04 02:07:00,165,20,20,20,21,21,21,21,21,20.62,21,20,1
2026-05-04 02:08:00,150,18,19,18,19,19,19,19,19,18.75,19,18,1
2026-05-04 02:09:00,176,22,22,22,22,22,22,22,22,22.0,22,22,0
2026-05-04 02:10:00,111,13,14,14,14,14,14,14,14,13.88,14,13,1
2026-05-04 02:11:00,89,11,11,11,11,12,11,11,11,11.12,12,11,1
2026-05-04 02:12:00,110,14,13,14,14,14,13,14,14,13.75,14,13,1
2026-05-04 02:13:00,99,12,12,12,13,12,13,12,13,12.38,13,12,1
2026-05-04 02:14:00,99,13,12,12,13,12,12,12,13,12.38,13,12,1
2026-05-04 02:15:00,132,16,16,16,17,17,17,16,17,16.5,17,16,1
2026-05-04 02:16:00,87,11,11,11,11,10,11,11,11,10.88,11,10,1
2026-05-04 02:17:00,141,18,17,18,18,18,17,18,17,17.62,18,17,1
2026-05-04 02:18:00,148,18,19,19,19,18,18,18,19,18.5,19,18,1
2026-05-04 02:19:00,135,17,16,17,17,17,17,17,17,16.88,17,16,1
2026-05-04 02:20:00,139,17,17,18,17,18,17,18,17,17.38,18,17,1
2026-05-04 02:21:00,83,10,10,10,10,11,10,11,11,10.38,11,10,1
2026-05-04 02:22:00,164,21,20,20,21,20,21,20,21,20.5,21,20,1
2026-05-04 02:23:00,97,12,12,12,12,12,12,12,13,12.12,13,12,1
2026-05-04 02:24:00,103,13,13,13,13,13,13,13,12,12.88,13,12,1
2026-05-04 02:25:00,123,15,15,16,16,15,15,16,15,15.38,16,15,1
2026-05-04 02:26:00,112,14,14,14,14,14,14,14,14,14.0,14,14,0
2026-05-04 02:27:00,90,12,11,11,11,11,11,11,12,11.25,12,11,1
2026-05-04 02:28:00,175,22,22,22,22,22,21,22,22,21.88,22,21,1
2026-05-04 02:29:00,105,14,13,13,13,13,13,13,13,13.12,14,13,1
2026-05-04 02:30:00,159,20,20,20,20,20,19,20,20,19.88,20,19,1
2026-05-04 02:31:00,139,17,17,18,17,18,17,18,17,17.38,18,17,1
2026-05-04 02:32:00,101,13,13,13,12,12,12,13,13,12.62,13,12,1
2026-05-04 02:33:00,154,20,19,20,19,19,19,19,19,19.25,20,19,1
2026-05-04 02:34:00,153,19,19,19,19,19,19,20,19,19.12,20,19,1
2026-05-04 02:35:00,130,17,16,16,17,16,16,16,16,16.25,17,16,1
2026-05-04 02:36:00,155,20,19,19,20,19,20,19,19,19.38,20,19,1
2026-05-04 02:37:00,178,22,22,22,22,23,22,23,22,22.25,23,22,1
2026-05-04 02:38:00,167,21,21,21,21,21,20,21,21,20.88,21,20,1
2026-05-04 02:39:00,164,21,20,21,20,21,21,20,20,20.5,21,20,1
2026-05-04 02:40:00,81,10,10,10,10,10,10,11,10,10.12,11,10,1
2026-05-04 02:41:00,142,17,18,18,18,18,17,18,18,17.75,18,17,1
2026-05-04 02:42:00,102,12,13,12,13,13,13,13,13,12.75,13,12,1
2026-05-04 02:43:00,173,22,22,22,21,22,21,22,21,21.62,22,21,1
2026-05-04 02:44:00,137,17,17,17,18,17,17,17,17,17.12,18,17,1
2026-05-04 02:45:00,176,22,22,22,22,22,22,22,22,22.0,22,22,0
2026-05-04 02:46:00,139,18,17,18,17,17,17,18,17,17.38,18,17,1
2026-05-04 02:47:00,143,17,18,18,18,18,18,18,18,17.88,18,17,1
2026-05-04 02:48:00,115,15,14,14,14,15,14,14,15,14.38,15,14,1
2026-05-04 02:49:00,146,19,18,18,19,18,18,18,18,18.25,19,18,1
2026-05-04 02:50:00,110,13,14,14,14,14,13,14,14,13.75,14,13,1
2026-05-04 02:51:00,171,22,21,21,22,21,21,21,22,21.38,22,21,1
2026-05-04 02:52:00,91,11,12,11,12,12,11,11,11,11.38,12,11,1
2026-05-04 02:53:00,168,21,21,21,21,21,21,21,21,21.0,21,21,0
2026-05-04 02:54:00,111,13,14,14,14,14,14,14,14,13.88,14,13,1
2026-05-04 02:55:00,134,16,17,17,17,16,17,17,17,16.75,17,16,1
2026-05-04 02:56:00,112,14,14,14,14,14,14,14,14,14.0,14,14,0
2026-05-04 02:57:00,109,14,14,14,13,13,14,13,14,13.62,14,13,1
2026-05-04 02:58:00,175,21,22,22,22,22,22,22,22,21.88,22,21,1
2026-05-04 02:59:00,92,11,12,12,12,11,11,12,11,11.5,12,11,1
2026-05-04 03:00:00,102,13,13,12,13,13,13,12,13,12.75,13,12,1
2026-05-04 03:01:00,85,11,11,11,11,11,10,10,10,10.62,11,10,1
2026-05-04 03:02:00,93,12,11,12,12,12,11,12,11,11.62,12,11,1
2026-05-04 03:03:00,136,17,17,17,17,17,17,17,17,17.0,17,17,0
2026-05-04 03:04:00,123,16,15,16,15,15,15,15,16,15.38,16,15,1
2026-05-04 03:05:00,141,18,18,17,18,18,17,18,17,17.62,18,17,1
2026-05-04 03:06:00,89,12,11,11,11,11,11,11,11,11.12,12,11,1
2026-05-04 03:07:00,99,12,12,13,12,13,12,13,12,12.38,13,12,1
2026-05-04 03:08:00,118,15,15,15,15,15,14,14,15,14.75,15,14,1
2026-05-04 03:09:00,156,19,19,19,20,20,19,20,20,19.5,20,19,1
2026-05-04 03:10:00,137,17,17,17,17,17,17,17,18,17.12,18,17,1
2026-05-04 03:11:00,118,15,14,15,14,15,15,15,15,14.75,15,14,1
2026-05-04 03:12:00,174,21,22,22,22,21,22,22,22,21.75,22,21,1
2026-05-04 03:13:00,90,11,12,12,11,11,11,11,11,11.25,12,11,1
2026-05-04 03:14:00,102,13,13,13,13,13,12,12,13,12.75,13,12,1
2026-05-04 03:15:00,156,20,20,20,19,19,19,19,20,19.5,20,19,1
2026-05-04 03:16:00,116,15,14,14,15,15,15,14,14,14.5,15,14,1
2026-05-04 03:17:00,167,21,21,21,21,21,21,20,21,20.88,21,20,1
2026-05-04 03:18:00,149,18,19,19,19,18,19,19,18,18.62,19,18,1
2026-05-04 03:19:00,89,12,11,11,11,11,11,11,11,11.12,12,11,1
2026-05-04 03:20:00,101,12,12,13,12,13,13,13,13,12.62,13,12,1
2026-05-04 03:21:00,136,17,17,17,17,17,17,17,17,17.0,17,17,0
2026-05-04 03:22:00,95,11,12,12,12,12,12,12,12,11.88,12,11,1
2026-05-04 03:23:00,136,17,17,17,17,17,17,17,17,17.0,17,17,0
2026-05-04 03:24:00,90,12,11,11,12,11,11,11,11,11.25,12,11,1
2026-05-04 03:25:00,174,22,21,22,22,22,22,22,21,21.75,22,21,1
2026-05-04 03:26:00,166,21,20,21,21,20,21,21,21,20.75,21,20,1
2026-05-04 03:27:00,140,17,18,18,17,18,17,17,18,17.5,18,17,1
2026-05-04 03:28:00,135,17,17,17,17,17,17,16,17,16.88,17,16,1
2026-05-04 03:29:00,165,20,21,21,21,20,20,21,21,20.62,21,20,1
2026-05-04 03:30:00,168,21,21,21,21,21,21,21,21,21.0,21,21,0
2026-05-04 03:31:00,143,18,18,17,18,18,18,18,18,17.88,18,17,1
2026-05-04 03:32:00,120,15,15,15,15,15,15,15,15,15.0,15,15,0
2026-05-04 03:33:00,112,14,14,14,14,14,14,14,14,14.0,14,14,0
2026-05-04 03:34:00,121,15,16,15,15,15,15,15,15,15.12,16,15,1
2026-05-04 03:35:00,178,22,22,22,22,22,22,23,23,22.25,23,22,1
2026-05-04 03:36:00,145,19,18,18,18,18,18,18,18,18.12,19,18,1
2026-05-04 03:37:00,164,21,21,20,21,20,20,20,21,20.5,21,20,1
2026-05-04 03:38:00,146,18,18,18,18,19,19,18,18,18.25,19,18,1
2026-05-04 03:39:00,176,22,22,22,22,22,22,22,22,22.0,22,22,0
2026-05-04 03:40:00,143,18,18,18,18,17,18,18,18,17.88,18,17,1
2026-05-04 03:41:00,116,15,14,14,15,14,15,14,15,14.5,15,14,1
2026-05-04 03:42:00,83,10,11,10,11,10,11,10,10,10.38,11,10,1
2026-05-04 03:43:00,119,15,15,14,15,15,15,15,15,14.88,15,14,1
2026-05-04 03:44:00,95,11,12,12,12,12,12,12,12,11.88,12,11,1
2026-05-04 03:45:00,140,17,18,17,18,18,17,17,18,17.5,18,17,1
2026-05-04 03:46:00,129,16,16,16,17,16,16,16,16,16.12,17,16,1
2026-05-04 03:47:00,156,20,19,20,19,19,19,20,20,19.5,20,19,1
2026-05-04 03:48:00,178,22,22,23,22,22,22,23,22,22.25,23,22,1
2026-05-04 03:49:00,180,23,22,23,22,23,22,23,22,22.5,23,22,1
2026-05-04 03:50:00,172,21,21,21,21,22,22,22,22,21.5,22,21,1
2026-05-04 03:51:00,164,20,21,20,21,20,20,21,21,20.5,21,20,1
2026-05-04 03:52:00,148,18,18,19,18,19,18,19,19,18.5,19,18,1
2026-05-04 03:53:00,177,22,22,22,22,22,22,23,22,22.12,23,22,1
2026-05-04 03:54:00,138,17,17,17,17,17,18,18,17,17.25,18,17,1
2026-05-04 03:55:00,104,13,13,13,13,13,13,13,13,13.0,13,13,0
2026-05-04 03:56:00,169,21,21,21,22,21,21,21,21,21.12,22,21,1
2026-05-04 03:57:00,153,19,19,19,19,19,19,20,19,19.12,20,19,1
2026-05-04 03:58:00,109,14,13,14,14,14,13,14,13,13.62,14,13,1
2026-05-04 03:59:00,129,16,16,17,16,16,16,16,16,16.12,17,16,1
2026-05-04 04:00:00,143,18,18,18,17,18,18,18,18,17.88,18,17,1
2026-05-04 04:01:00,92,12,12,11,11,11,12,11,12,11.5,12,11,1
2026-05-04 04:02:00,132,17,16,17,17,16,16,16,17,16.5,17,16,1
2026-05-04 04:03:00,123,16,15,15,15,15,16,16,15,15.38,16,15,1
2026-05-04 04:04:00,122,15,15,16,15,15,15,16,15,15.25,16,15,1
2026-05-04 04:05:00,160,20,20,20,20,20,20,20,20,20.0,20,20,0
2026-05-04 04:06:00,171,21,21,21,21,22,21,22,22,21.38,22,21,1
2026-05-04 04:07:00,84,10,11,11,10,10,11,10,11,10.5,11,10,1
2026-05-04 04:08:00,109,14,14,13,14,13,14,14,13,13.62,14,13,1
2026-05-04 04:09:00,101,13,12,13,12,13,13,13,12,12.62,13,12,1
2026-05-04 04:10:00,117,14,15,15,15,15,15,14,14,14.62,15,14,1
2026-05-04 04:11:00,147,18,18,18,18,19,19,19,18,18.38,19,18,1
2026-05-04 04:12:00,103,13,13,13,13,13,13,12,13,12.88,13,12,1
2026-05-04 04:13:00,143,18,18,18,18,17,18,18,18,17.88,18,17,1
2026-05-04 04:14:00,139,17,17,17,17,18,18,17,18,17.38,18,17,1
2026-05-04 04:15:00,100,12,13,13,13,13,12,12,12,12.5,13,12,1
2026-05-04 04:16:00,118,15,14,15,15,14,15,15,15,14.75,15,14,1
2026-05-04 04:17:00,129,16,16,16,16,16,16,16,17,16.12,17,16,1
2026-05-04 04:18:00,93,11,11,12,12,12,12,11,12,11.62,12,11,1
2026-05-04 04:19:00,169,21,21,21,21,22,21,21,21,21.12,22,21,1
2026-05-04 04:20:00,82,10,10,11,10,10,10,11,10,10.25,11,10,1
2026-05-04 04:21:00,81,11,10,10,10,10,10,10,10,10.12,11,10,1
2026-05-04 04:22:00,157,19,20,20,19,19,20,20,20,19.62,20,19,1
2026-05-04 04:23:00,108,13,14,14,14,14,13,13,13,13.5,14,13,1
2026-05-04 04:24:00,160,20,20,20,20,20,20,20,20,20.0,20,20,0
2026-05-04 04:25:00,92,12,11,12,12,11,11,11,12,11.5,12,11,1
2026-05-04 04:26:00,154,19,19,19,19,19,20,19,20,19.25,20,19,1
2026-05-04 04:27:00,96,12,12,12,12,12,12,12,12,12.0,12,12,0
2026-05-04 04:28:00,91,11,11,12,11,12,12,11,11,11.38,12,11,1
2026-05-04 04:29:00,133,16,17,17,16,17,16,17,17,16.62,17,16,1
2026-05-04 04:30:00,147,18,19,18,18,19,18,19,18,18.38,19,18,1
2026-05-04 04:31:00,112,14,14,14,14,14,14,14,14,14.0,14,14,0
2026-05-04 04:32:00,141,18,17,18,18,18,18,17,17,17.62,18,17,1
2026-05-04 04:33:00,89,11,11,12,11,11,11,11,11,11.12,12,11,1
2026-05-04 04:34:00,176,22,22,22,22,22,22,22,22,22.0,22,22,0
2026-05-04 04:35:00,108,13,13,14,13,14,13,14,14,13.5,14,13,1
2026-05-04 04:36:00,91,12,11,12,11,11,11,12,11,11.38,12,11,1
2026-05-04 04:37:00,148,18,19,19,19,18,19,18,18,18.5,19,18,1
2026-05-04 04:38:00,154,19,19,19,19,19,19,20,20,19.25,20,19,1
2026-05-04 04:39:00,161,20,20,20,20,20,21,20,20,20.12,21,20,1
2026-05-04 04:40:00,93,12,11,12,12,12,11,11,12,11.62,12,11,1
2026-05-04 04:41:00,158,20,19,20,20,20,20,19,20,19.75,20,19,1
2026-05-04 04:42:00,132,17,17,16,16,16,17,16,17,16.5,17,16,1
2026-05-04 04:43:00,118,15,15,14,15,15,14,15,15,14.75,15,14,1
2026-05-04 04:44:00,138,17,17,17,17,17,18,17,18,17.25,18,17,1
2026-05-04 04:45:00,175,22,22,22,22,22,22,22,21,21.88,22,21,1
2026-05-04 04:46:00,142,18,18,18,18,17,17,18,18,17.75,18,17,1
2026-05-04 04:47:00,136,17,17,17,17,17,17,17,17,17.0,17,17,0
2026-05-04 04:48:00,110,14,13,14,13,14,14,14,14,13.75,14,13,1
2026-05-04 04:49:00,130,16,17,16,16,17,16,16,16,16.25,17,16,1
2026-05-04 04:50:00,95,12,12,11,12,12,12,12,12,11.88,12,11,1
2026-05-04 04:51:00,111,14,14,14,14,14,13,14,14,13.88,14,13,1
2026-05-04 04:52:00,155,19,20,19,20,19,19,20,19,19.38,20,19,1
2026-05-04 04:53:00,122,15,15,16,15,15,15,16,15,15.25,16,15,1
2026-05-04 04:54:00,156,20,20,20,19,19,20,19,19,19.5,20,19,1
2026-05-04 04:55:00,149,19,19,18,18,19,18,19,19,18.62,19,18,1
2026-05-04 04:56:00,96,12,12,12,12,12,12,12,12,12.0,12,12,0
2026-05-04 04:57:00,81,10,10,10,10,10,11,10,10,10.12,11,10,1
2026-05-04 04:58:00,180,23,22,23,23,23,22,22,22,22.5,23,22,1
2026-05-04 04:59:00,102,13,13,13,13,13,12,13,12,12.75,13,12,1
2026-05-04 05:00:00,88,11,11,11,11,11,11,11,11,11.0,11,11,0
2026-05-04 05:01:00,140,17,17,18,17,18,17,18,18,17.5,18,17,1
2026-05-04 05:02:00,155,19,20,19,20,20,19,19,19,19.38,20,19,1
2026-05-04 05:03:00,108,14,13,13,13,14,14,14,13,13.5,14,13,1
2026-05-04 05:04:00,118,15,15,14,15,14,15,15,15,14.75,15,14,1
2026-05-04 05:05:00,134,17,17,16,17,17,17,17,16,16.75,17,16,1
2026-05-04 05:06:00,121,15,15,16,15,15,15,15,15,15.12,16,15,1
2026-05-04 05:07:00,88,11,11,11,11,11,11,11,11,11.0,11,11,0
2026-05-04 05:08:00,96,12,12,12,12,12,12,12,12,12.0,12,12,0
2026-05-04 05:09:00,115,14,14,14,15,15,15,14,14,14.38,15,14,1
2026-05-04 05:10:00,147,18,18,18,19,19,18,18,19,18.38,19,18,1
2026-05-04 05:11:00,157,20,20,19,19,19,20,20,20,19.62,20,19,1
2026-05-04 05:12:00,135,16,17,17,17,17,17,17,17,16.88,17,16,1
2026-05-04 05:13:00,173,21,22,22,22,22,21,22,21,21.62,22,21,1
2026-05-04 05:14:00,127,16,15,16,16,16,16,16,16,15.88,16,15,1
2026-05-04 05:15:00,135,17,17,17,16,17,17,17,17,16.88,17,16,1
2026-05-04 05:16:00,155,20,19,19,19,19,20,19,20,19.38,20,19,1
2026-05-04 05:17:00,132,16,16,16,17,16,17,17,17,16.5,17,16,1
2026-05-04 05:18:00,172,22,21,22,21,22,21,22,21,21.5,22,21,1
2026-05-04 05:19:00,125,15,16,15,15,16,16,16,16,15.62,16,15,1
2026-05-04 05:20:00,164,21,21,21,20,20,20,20,21,20.5,21,20,1
2026-05-04 05:21:00,151,19,19,19,19,19,19,19,18,18.88,19,18,1
2026-05-04 05:22:00,157,20,20,20,19,20,19,19,20,19.62,20,19,1
2026-05-04 05:23:00,123,16,16,15,15,15,16,15,15,15.38,16,15,1
2026-05-04 05:24:00,98,13,12,12,12,12,12,13,12,12.25,13,12,1
2026-05-04 05:25:00,98,13,12,12,12,12,12,12,13,12.25,13,12,1
2026-05-04 05:26:00,175,22,22,22,22,21,22,22,22,21.88,22,21,1
2026-05-04 05:27:00,119,15,14,15,15,15,15,15,15,14.88,15,14,1
2026-05-04 05:28:00,100,13,12,13,12,12,13,12,13,12.5,13,12,1
2026-05-04 05:29:00,136,17,17,17,17,17,17,17,17,17.0,17,17,0
2026-05-04 05:30:00,164,20,20,20,21,21,20,21,21,20.5,21,20,1
2026-05-04 05:31:00,133,17,17,17,16,17,16,16,17,16.62,17,16,1
2026-05-04 05:32:00,135,16,17,17,17,17,17,17,17,16.88,17,16,1
2026-05-04 05:33:00,85,11,10,10,11,11,11,10,11,10.62,11,10,1
2026-05-04 05:34:00,106,13,14,13,13,14,13,13,13,13.25,14,13,1
2026-05-04 05:35:00,178,22,22,23,22,22,22,23,22,22.25,23,22,1
2026-05-04 05:36:00,112,14,14,14,14,14,14,14,14,14.0,14,14,0
2026-05-04 05:37:00,117,15,14,14,15,15,15,15,14,14.62,15,14,1
2026-05-04 05:38:00,102,13,13,13,13,13,12,12,13,12.75,13,12,1
2026-05-04 05:39:00,130,17,16,16,17,16,16,16,16,16.25,17,16,1
2026-05-04 05:40:00,82,11,10,10,10,10,10,10,11,10.25,11,10,1
2026-05-04 05:41:00,120,15,15,15,15,15,15,15,15,15.0,15,15,0
2026-05-04 05:42:00,153,19,19,19,19,19,19,20,19,19.12,20,19,1
2026-05-04 05:43:00,153,19,19,19,19,19,19,20,19,19.12,20,19,1
2026-05-04 05:44:00,170,21,21,22,21,21,21,22,21,21.25,22,21,1
2026-05-04 05:45:00,94,12,12,12,12,11,12,12,11,11.75,12,11,1
2026-05-04 05:46:00,126,16,16,16,16,15,15,16,16,15.75,16,15,1
2026-05-04 05:47:00,131,16,17,17,17,16,16,16,16,16.38,17,16,1
2026-05-04 05:48:00,175,22,22,22,22,21,22,22,22,21.88,22,21,1
2026-05-04 05:49:00,147,18,18,19,19,18,18,19,18,18.38,19,18,1
2026-05-04 05:50:00,124,16,16,16,15,15,15,16,15,15.5,16,15,1
2026-05-04 05:51:00,112,14,14,14,14,14,14,14,14,14.0,14,14,0
2026-05-04 05:52:00,105,13,13,14,13,13,13,13,13,13.12,14,13,1
2026-05-04 05:53:00,157,20,20,20,19,19,20,20,19,19.62,20,19,1
2026-05-04 05:54:00,178,22,22,22,23,22,22,22,23,22.25,23,22,1
2026-05-04 05:55:00,176,22,22,22,22,22,22,22,22,22.0,22,22,0
2026-05-04 05:56:00,152,19,19,19,19,19,19,19,19,19.0,19,19,0
2026-05-04 05:57:00,177,22,22,22,22,22,22,22,23,22.12,23,22,1
2026-05-04 05:58:00,167,21,21,21,21,20,21,21,21,20.88,21,20,1
2026-05-04 05:59:00,140,17,17,18,17,17,18,18,18,17.5,18,17,1
2026-05-04 06:00:00,331,42,41,42,41,42,41,41,41,41.38,42,41,1
2026-05-04 06:01:00,198,25,25,24,25,25,24,25,25,24.75,25,24,1
2026-05-04 06:02:00,392,49,49,49,49,49,49,49,49,49.0,49,49,0
2026-05-04 06:03:00,253,32,32,31,32,32,32,31,31,31.62,32,31,1
2026-05-04 06:04:00,298,38,37,37,38,37,37,37,37,37.25,38,37,1
2026-05-04 06:05:00,412,51,51,52,52,52,51,51,52,51.5,52,51,1
2026-05-04 06:06:00,308,39,38,39,39,38,38,39,38,38.5,39,38,1
2026-05-04 06:07:00,387,49,48,48,48,48,49,48,49,48.38,49,48,1
2026-05-04 06:08:00,309,39,39,39,39,39,38,38,38,38.62,39,38,1
2026-05-04 06:09:00,314,39,39,40,39,39,39,39,40,39.25,40,39,1
2026-05-04 06:10:00,275,34,34,34,35,35,34,35,34,34.38,35,34,1
2026-05-04 06:11:00,378,47,47,47,47,47,48,47,48,47.25,48,47,1
2026-05-04 06:12:00,333,42,41,42,41,41,42,42,42,41.62,42,41,1
2026-05-04 06:13:00,264,33,33,33,33,33,33,33,33,33.0,33,33,0
2026-05-04 06:14:00,204,25,25,26,25,26,25,26,26,25.5,26,25,1
2026-05-04 06:15:00,403,51,50,51,50,50,50,50,51,50.38,51,50,1
2026-05-04 06:16:00,329,41,41,42,41,41,41,41,41,41.12,42,41,1
2026-05-04 06:17:00,414,51,52,52,52,51,52,52,52,51.75,52,51,1
2026-05-04 06:18:00,361,45,46,45,45,45,45,45,45,45.12,46,45,1
2026-05-04 06:19:00,259,32,32,33,32,32,33,33,32,32.38,33,32,1
2026-05-04 06:20:00,388,48,48,49,48,49,49,49,48,48.5,49,48,1
2026-05-04 06:21:00,203,25,25,26,25,26,25,26,25,25.38,26,25,1
2026-05-04 06:22:00,184,23,23,23,23,23,23,23,23,23.0,23,23,0
2026-05-04 06:23:00,272,34,34,34,34,34,34,34,34,34.0,34,34,0
2026-05-04 06:24:00,259,32,33,33,32,32,32,32,33,32.38,33,32,1
2026-05-04 06:25:00,376,47,47,47,47,47,47,47,47,47.0,47,47,0
2026-05-04 06:26:00,304,38,38,38,38,38,38,38,38,38.0,38,38,0
2026-05-04 06:27:00,229,29,29,29,29,28,28,29,28,28.62,29,28,1
2026-05-04 06:28:00,396,49,50,49,49,50,50,50,49,49.5,50,49,1
2026-05-04 06:29:00,189,23,24,23,24,24,24,24,23,23.62,24,23,1
2026-05-04 06:30:00,219,27,28,28,27,27,28,27,27,27.38,28,27,1
2026-05-04 06:31:00,377,47,47,48,47,47,47,47,47,47.12,48,47,1
2026-05-04 06:32:00,364,46,45,46,46,45,45,45,46,45.5,46,45,1
2026-05-04 06:33:00,353,44,44,44,45,44,44,44,44,44.12,45,44,1
2026-05-04 06:34:00,293,36,37,36,37,37,37,37,36,36.62,37,36,1
2026-05-04 06:35:00,316,39,40,40,40,39,39,39,40,39.5,40,39,1
2026-05-04 06:36:00,274,34,34,34,35,34,34,34,35,34.25,35,34,1
2026-05-04 06:37:00,376,47,47,47,47,47,47,47,47,47.0,47,47,0
2026-05-04 06:38:00,252,31,31,31,32,32,31,32,32,31.5,32,31,1
2026-05-04 06:39:00,221,27,28,28,28,28,27,28,27,27.62,28,27,1
2026-05-04 06:40:00,193,24,24,24,24,24,24,24,25,24.12,25,24,1
2026-05-04 06:41:00,403,51,50,50,50,51,51,50,50,50.38,51,50,1
2026-05-04 06:42:00,362,45,46,46,45,45,45,45,45,45.25,46,45,1
2026-05-04 06:43:00,201,25,25,26,25,25,25,25,25,25.12,26,25,1
2026-05-04 06:44:00,249,31,31,31,31,31,31,31,32,31.12,32,31,1
2026-05-04 06:45:00,411,51,51,52,52,51,51,52,51,51.38,52,51,1
2026-05-04 06:46:00,203,25,25,25,26,25,25,26,26,25.38,26,25,1
2026-05-04 06:47:00,406,51,50,51,51,50,51,51,51,50.75,51,50,1
2026-05-04 06:48:00,275,35,34,34,35,34,34,34,35,34.38,35,34,1
2026-05-04 06:49:00,275,35,34,35,35,34,34,34,34,34.38,35,34,1
2026-05-04 06:50:00,418,52,53,52,52,52,52,53,52,52.25,53,52,1
2026-05-04 06:51:00,362,45,45,45,45,45,46,46,45,45.25,46,45,1
2026-05-04 06:52:00,217,27,27,28,27,27,27,27,27,27.12,28,27,1
2026-05-04 06:53:00,189,23,24,23,24,24,24,24,23,23.62,24,23,1
2026-05-04 06:54:00,294,37,37,37,36,36,37,37,37,36.75,37,36,1
2026-05-04 06:55:00,320,40,40,40,40,40,40,40,40,40.0,40,40,0
2026-05-04 06:56:00,420,53,53,53,52,52,52,53,52,52.5,53,52,1
2026-05-04 06:57:00,257,32,33,32,32,32,32,32,32,32.12,33,32,1
2026-05-04 06:58:00,192,24,24,24,24,24,24,24,24,24.0,24,24,0
2026-05-04 06:59:00,241,30,30,30,30,30,30,31,30,30.12,31,30,1
2026-05-04 07:00:00,343,43,42,43,43,43,43,43,43,42.88,43,42,1
2026-05-04 07:01:00,363,45,45,46,46,45,45,45,46,45.38,46,45,1
2026-05-04 07:02:00,180,22,23,22,23,23,23,22,22,22.5,23,22,1
2026-05-04 07:03:00,227,28,29,29,28,29,28,28,28,28.38,29,28,1
2026-05-04 07:04:00,197,25,24,24,25,24,25,25,25,24.62,25,24,1
2026-05-04 07:05:00,275,35,34,34,34,35,35,34,34,34.38,35,34,1
2026-05-04 07:06:00,271,34,34,34,34,34,33,34,34,33.88,34,33,1
2026-05-04 07:07:00,270,33,34,34,34,33,34,34,34,33.75,34,33,1
2026-05-04 07:08:00,302,38,38,38,38,38,37,38,37,37.75,38,37,1
2026-05-04 07:09:00,255,32,32,32,32,31,32,32,32,31.88,32,31,1
2026-05-04 07:10:00,388,49,49,49,48,48,48,48,49,48.5,49,48,1
2026-05-04 07:11:00,253,32,31,32,31,32,32,32,31,31.62,32,31,1
2026-05-04 07:12:00,211,26,26,26,27,26,27,27,26,26.38,27,26,1
2026-05-04 07:13:00,370,46,46,46,47,46,46,46,47,46.25,47,46,1
2026-05-04 07:14:00,266,33,33,34,34,33,33,33,33,33.25,34,33,1
2026-05-04 07:15:00,357,45,44,45,44,45,44,45,45,44.62,45,44,1
2026-05-04 07:16:00,366,46,46,46,46,46,45,46,45,45.75,46,45,1
2026-05-04 07:17:00,255,32,32,32,32,32,32,32,31,31.88,32,31,1
2026-05-04 07:18:00,334,41,42,42,42,41,42,42,42,41.75,42,41,1
2026-05-04 07:19:00,190,24,23,24,24,24,24,23,24,23.75,24,23,1
2026-05-04 07:20:00,351,44,44,44,44,44,44,44,43,43.88,44,43,1
2026-05-04 07:21:00,188,24,24,24,23,23,23,23,24,23.5,24,23,1
2026-05-04 07:22:00,272,34,34,34,34,34,34,34,34,34.0,34,34,0
2026-05-04 07:23:00,278,35,35,35,35,35,35,34,34,34.75,35,34,1
2026-05-04 07:24:00,293,36,37,37,36,37,36,37,37,36.62,37,36,1
2026-05-04 07:25:00,281,35,35,35,35,35,36,35,35,35.12,36,35,1
2026-05-04 07:26:00,346,43,44,43,43,44,43,43,43,43.25,44,43,1
2026-05-04 07:27:00,209,27,26,26,26,26,26,26,26,26.12,27,26,1
2026-05-04 07:28:00,368,46,46,46,46,46,46,46,46,46.0,46,46,0
2026-05-04 07:29:00,227,28,28,28,29,29,28,28,29,28.38,29,28,1
2026-05-04 07:30:00,413,51,52,52,52,51,51,52,52,51.62,52,51,1
2026-05-04 07:31:00,336,42,42,42,42,42,42,42,42,42.0,42,42,0
2026-05-04 07:32:00,253,32,32,31,31,31,32,32,32,31.62,32,31,1
2026-05-04 07:33:00,295,37,37,37,37,36,37,37,37,36.88,37,36,1
2026-05-04 07:34:00,361,45,46,45,45,45,45,45,45,45.12,46,45,1
2026-05-04 07:35:00,320,40,40,40,40,40,40,40,40,40.0,40,40,0
2026-05-04 07:36:00,318,39,40,40,40,40,40,40,39,39.75,40,39,1
2026-05-04 07:37:00,237,29,30,29,30,29,30,30,30,29.62,30,29,1
2026-05-04 07:38:00,186,23,23,23,23,24,24,23,23,23.25,24,23,1
2026-05-04 07:39:00,326,41,41,40,41,41,41,41,40,40.75,41,40,1
2026-05-04 07:40:00,259,32,32,32,32,32,33,33,33,32.38,33,32,1
2026-05-04 07:41:00,302,38,37,37,38,38,38,38,38,37.75,38,37,1
2026-05-04 07:42:00,261,32,33,33,33,33,32,33,32,32.62,33,32,1
2026-05-04 07:43:00,212,26,27,27,27,26,26,27,26,26.5,27,26,1
2026-05-04 07:44:00,308,39,38,38,38,39,38,39,39,38.5,39,38,1
2026-05-04 07:45:00,219,27,28,27,27,28,27,28,27,27.38,28,27,1
2026-05-04 07:46:00,262,33,33,33,33,33,32,33,32,32.75,33,32,1
2026-05-04 07:47:00,230,29,29,29,28,29,29,28,29,28.75,29,28,1
2026-05-04 07:48:00,344,43,43,43,43,43,43,43,43,43.0,43,43,0
2026-05-04 07:49:00,223,28,28,28,28,28,28,27,28,27.88,28,27,1
2026-05-04 07:50:00,391,49,48,49,49,49,49,49,49,48.88,49,48,1
2026-05-04 07:51:00,376,47,47,47,47,47,47,47,47,47.0,47,47,0
2026-05-04 07:52:00,326,41,40,41,41,41,41,41,40,40.75,41,40,1
2026-05-04 07:53:00,319,39,40,40,40,40,40,40,40,39.88,40,39,1
2026-05-04 07:54:00,256,32,32,32,32,32,32,32,32,32.0,32,32,0
2026-05-04 07:55:00,296,37,37,37,37,37,37,37,37,37.0,37,37,0
2026-05-04 07:56:00,198,25,25,24,25,25,25,25,24,24.75,25,24,1
2026-05-04 07:57:00,232,29,29,29,29,29,29,29,29,29.0,29,29,0
2026-05-04 07:58:00,267,33,33,34,33,33,34,33,34,33.38,34,33,1
2026-05-04 07:59:00,261,33,33,33,33,32,33,32,32,32.62,33,32,1
2026-05-04 08:00:00,261,33,32,33,33,32,32,33,33,32.62,33,32,1
2026-05-04 08:01:00,243,31,30,31,30,30,30,31,30,30.38,31,30,1
2026-05-04 08:02:00,254,32,32,31,32,32,31,32,32,31.75,32,31,1
2026-05-04 08:03:00,388,48,48,49,48,49,49,48,49,48.5,49,48,1
2026-05-04 08:04:00,228,28,28,29,29,29,28,29,28,28.5,29,28,1
2026-05-04 08:05:00,307,39,38,38,39,39,38,38,38,38.38,39,38,1
2026-05-04 08:06:00,203,25,25,25,26,26,25,26,25,25.38,26,25,1
2026-05-04 08:07:00,241,30,30,30,31,30,30,30,30,30.12,31,30,1
2026-05-04 08:08:00,329,41,41,41,41,41,42,41,41,41.12,42,41,1
2026-05-04 08:09:00,192,24,24,24,24,24,24,24,24,24.0,24,24,0
2026-05-04 08:10:00,192,24,24,24,24,24,24,24,24,24.0,24,24,0
2026-05-04 08:11:00,252,31,31,31,32,32,32,31,32,31.5,32,31,1
2026-05-04 08:12:00,253,32,32,31,32,31,31,32,32,31.62,32,31,1
2026-05-04 08:13:00,405,50,50,51,51,51,51,51,50,50.62,51,50,1
2026-05-04 08:14:00,191,24,24,24,24,24,24,24,23,23.88,24,23,1
2026-05-04 08:15:00,198,24,24,25,25,25,25,25,25,24.75,25,24,1
2026-05-04 08:16:00,354,44,45,44,44,44,44,44,45,44.25,45,44,1
2026-05-04 08:17:00,204,25,25,26,25,26,25,26,26,25.5,26,25,1
2026-05-04 08:18:00,420,52,53,52,52,52,53,53,53,52.5,53,52,1
2026-05-04 08:19:00,334,42,41,41,42,42,42,42,42,41.75,42,41,1
2026-05-04 08:20:00,362,45,45,45,45,45,46,46,45,45.25,46,45,1
2026-05-04 08:21:00,301,37,38,37,37,38,38,38,38,37.62,38,37,1
2026-05-04 08:22:00,263,32,33,33,33,33,33,33,33,32.88,33,32,1
2026-05-04 08:23:00,309,38,38,39,39,39,39,38,39,38.62,39,38,1
2026-05-04 08:24:00,388,49,48,49,48,48,48,49,49,48.5,49,48,1
2026-05-04 08:25:00,286,36,36,35,36,36,36,36,35,35.75,36,35,1
2026-05-04 08:26:00,347,44,43,43,44,43,44,43,43,43.38,44,43,1
2026-05-04 08:27:00,329,41,41,41,41,41,41,41,42,41.12,42,41,1
2026-05-04 08:28:00,223,28,28,28,28,27,28,28,28,27.88,28,27,1
2026-05-04 08:29:00,228,29,28,29,29,28,28,29,28,28.5,29,28,1
2026-05-04 08:30:00,218,27,27,27,27,27,28,28,27,27.25,28,27,1
2026-05-04 08:31:00,232,29,29,29,29,29,29,29,29,29.0,29,29,0
2026-05-04 08:32:00,285,36,36,35,35,35,36,36,36,35.62,36,35,1
2026-05-04 08:33:00,312,39,39,39,39,39,39,39,39,39.0,39,39,0
2026-05-04 08:34:00,233,29,29,29,29,29,30,29,29,29.12,30,29,1
2026-05-04 08:35:00,349,43,44,44,44,44,43,43,44,43.62,44,43,1
2026-05-04 08:36:00,297,37,37,37,37,37,38,37,37,37.12,38,37,1
2026-05-04 08:37:00,319,40,39,40,40,40,40,40,40,39.88,40,39,1
2026-05-04 08:38:00,251,31,32,32,31,32,31,31,31,31.38,32,31,1
2026-05-04 08:39:00,377,47,47,47,47,48,47,47,47,47.12,48,47,1
2026-05-04 08:40:00,360,45,45,45,45,45,45,45,45,45.0,45,45,0
2026-05-04 08:41:00,233,29,29,29,29,29,29,29,30,29.12,30,29,1
2026-05-04 08:42:00,261,32,32,33,32,33,33,33,33,32.62,33,32,1
2026-05-04 08:43:00,211,26,26,27,27,26,26,27,26,26.38,27,26,1
2026-05-04 08:44:00,377,47,47,48,47,47,47,47,47,47.12,48,47,1
2026-05-04 08:45:00,254,32,32,32,31,31,32,32,32,31.75,32,31,1
2026-05-04 08:46:00,347,43,43,43,44,44,44,43,43,43.38,44,43,1
2026-05-04 08:47:00,234,29,29,29,30,29,29,30,29,29.25,30,29,1
2026-05-04 08:48:00,317,39,40,40,39,40,40,39,40,39.62,40,39,1
2026-05-04 08:49:00,207,26,26,26,26,26,26,26,25,25.88,26,25,1
2026-05-04 08:50:00,193,24,25,24,24,24,24,24,24,24.12,25,24,1
2026-05-04 08:51:00,285,36,36,35,36,35,36,35,36,35.62,36,35,1
2026-05-04 08:52:00,181,22,22,23,23,23,23,23,22,22.62,23,22,1
2026-05-04 08:53:00,346,43,43,43,44,43,43,44,43,43.25,44,43,1
2026-05-04 08:54:00,253,32,31,32,31,32,32,31,32,31.62,32,31,1
2026-05-04 08:55:00,346,43,43,43,44,44,43,43,43,43.25,44,43,1
2026-05-04 08:56:00,369,47,46,46,46,46,46,46,46,46.12,47,46,1
2026-05-04 08:57:00,413,52,52,52,52,51,51,52,51,51.62,52,51,1
2026-05-04 08:58:00,381,48,48,48,47,47,48,47,48,47.62,48,47,1
2026-05-04 08:59:00,182,23,23,23,22,23,22,23,23,22.75,23,22,1
2026-05-04 09:00:00,296,37,37,37,37,37,37,37,37,37.0,37,37,0
2026-05-04 09:01:00,344,43,43,43,43,43,43,43,43,43.0,43,43,0
2026-05-04 09:02:00,319,40,40,40,40,40,40,39,40,39.88,40,39,1
2026-05-04 09:03:00,264,33,33,33,33,33,33,33,33,33.0,33,33,0
2026-05-04 09:04:00,221,28,28,28,27,27,28,27,28,27.62,28,27,1
2026-05-04 09:05:00,368,46,46,46,46,46,46,46,46,46.0,46,46,0
2026-05-04 09:06:00,266,33,33,33,33,34,33,33,34,33.25,34,33,1
2026-05-04 09:07:00,352,44,44,44,44,44,44,44,44,44.0,44,44,0
2026-05-04 09:08:00,373,46,47,46,47,47,47,46,47,46.62,47,46,1
2026-05-04 09:09:00,311,39,39,38,39,39,39,39,39,38.88,39,38,1
2026-05-04 09:10:00,262,33,33,33,33,33,32,32,33,32.75,33,32,1
2026-05-04 09:11:00,372,46,46,47,46,47,46,47,47,46.5,47,46,1
2026-05-04 09:12:00,365,46,46,46,45,45,46,46,45,45.62,46,45,1
2026-05-04 09:13:00,195,24,25,25,25,24,24,24,24,24.38,25,24,1
2026-05-04 09:14:00,220,27,27,28,27,28,28,28,27,27.5,28,27,1
2026-05-04 09:15:00,356,44,45,45,44,44,45,45,44,44.5,45,44,1
2026-05-04 09:16:00,337,42,42,42,43,42,42,42,42,42.12,43,42,1
2026-05-04 09:17:00,236,29,30,30,30,29,29,30,29,29.5,30,29,1
2026-05-04 09:18:00,371,46,46,46,47,46,47,46,47,46.38,47,46,1
2026-05-04 09:19:00,320,40,40,40,40,40,40,40,40,40.0,40,40,0
2026-05-04 09:20:00,413,51,52,51,51,52,52,52,52,51.62,52,51,1
2026-05-04 09:21:00,354,44,45,44,44,45,44,44,44,44.25,45,44,1
2026-05-04 09:22:00,294,37,36,37,36,37,37,37,37,36.75,37,36,1
2026-05-04 09:23:00,411,51,51,51,52,52,51,52,51,51.38,52,51,1
2026-05-04 09:24:00,218,27,27,28,27,27,27,27,28,27.25,28,27,1
2026-05-04 09:25:00,398,50,50,49,50,49,50,50,50,49.75,50,49,1
2026-05-04 09:26:00,410,51,51,51,51,51,51,52,52,51.25,52,51,1
2026-05-04 09:27:00,194,24,25,24,24,24,24,24,25,24.25,25,24,1
2026-05-04 09:28:00,311,39,39,39,39,39,38,39,39,38.88,39,38,1
2026-05-04 09:29:00,365,46,46,46,46,45,45,45,46,45.62,46,45,1
2026-05-04 09:30:00,328,41,41,41,41,41,41,41,41,41.0,41,41,0
2026-05-04 09:31:00,198,25,24,25,25,25,24,25,25,24.75,25,24,1
2026-05-04 09:32:00,419,53,52,53,52,52,52,52,53,52.38,53,52,1
2026-05-04 09:33:00,284,35,36,36,36,35,35,36,35,35.5,36,35,1
2026-05-04 09:34:00,275,34,34,34,35,34,34,35,35,34.38,35,34,1
2026-05-04 09:35:00,276,34,35,34,34,35,35,35,34,34.5,35,34,1
2026-05-04 09:36:00,214,27,27,27,27,27,27,26,26,26.75,27,26,1
2026-05-04 09:37:00,212,27,26,26,27,26,27,27,26,26.5,27,26,1
2026-05-04 09:38:00,256,32,32,32,32,32,32,32,32,32.0,32,32,0
2026-05-04 09:39:00,298,37,37,37,37,38,37,38,37,37.25,38,37,1
2026-05-04 09:40:00,277,34,35,35,35,34,34,35,35,34.62,35,34,1
2026-05-04 09:41:00,250,31,31,31,32,31,32,31,31,31.25,32,31,1
2026-05-04 09:42:00,375,47,47,47,47,47,47,47,46,46.88,47,46,1
2026-05-04 09:43:00,197,25,25,24,25,25,25,24,24,24.62,25,24,1
2026-05-04 09:44:00,242,31,30,30,31,30,30,30,30,30.25,31,30,1
2026-05-04 09:45:00,292,37,37,36,37,37,36,36,36,36.5,37,36,1
2026-05-04 09:46:00,215,26,27,27,27,27,27,27,27,26.88,27,26,1
2026-05-04 09:47:00,240,30,30,30,30,30,30,30,30,30.0,30,30,0
2026-05-04 09:48:00,257,32,32,33,32,32,32,32,32,32.12,33,32,1
2026-05-04 09:49:00,349,44,43,44,44,43,44,43,44,43.62,44,43,1
2026-05-04 09:50:00,322,40,40,41,40,40,41,40,40,40.25,41,40,1
2026-05-04 09:51:00,353,44,44,44,44,44,44,45,44,44.12,45,44,1
2026-05-04 09:52:00,322,41,40,40,40,40,40,40,41,40.25,41,40,1
2026-05-04 09:53:00,268,33,33,34,33,34,33,34,34,33.5,34,33,1
2026-05-04 09:54:00,358,45,45,45,45,44,44,45,45,44.75,45,44,1
2026-05-04 09:55:00,373,46,47,47,46,46,47,47,47,46.62,47,46,1
2026-05-04 09:56:00,386,49,48,48,48,48,48,48,49,48.25,49,48,1
2026-05-04 09:57:00,323,40,40,40,41,41,40,41,40,40.38,41,40,1
2026-05-04 09:58:00,315,39,40,40,40,39,39,39,39,39.38,40,39,1
2026-05-04 09:59:00,245,31,30,31,31,30,31,30,31,30.62,31,30,1
2026-05-04 10:00:00,883,111,110,110,110,111,111,110,110,110.38,111,110,1
2026-05-04 10:01:00,820,103,102,103,103,102,102,102,103,102.5,103,102,1
2026-05-04 10:02:00,794,100,99,99,99,99,99,100,99,99.25,100,99,1
2026-05-04 10:03:00,487,61,61,60,61,61,61,61,61,60.88,61,60,1
2026-05-04 10:04:00,895,112,112,112,111,112,112,112,112,111.88,112,111,1
2026-05-04 10:05:00,832,104,104,104,104,104,104,104,104,104.0,104,104,0
2026-05-04 10:06:00,836,104,105,104,104,105,105,104,105,104.5,105,104,1
2026-05-04 10:07:00,810,101,101,101,102,101,101,101,102,101.25,102,101,1
2026-05-04 10:08:00,572,71,71,72,72,71,72,72,71,71.5,72,71,1
2026-05-04 10:09:00,688,86,86,86,86,86,86,86,86,86.0,86,86,0
2026-05-04 10:10:00,723,90,90,91,90,90,91,91,90,90.38,91,90,1
2026-05-04 10:11:00,634,79,79,79,80,79,79,79,80,79.25,80,79,1
2026-05-04 10:12:00,500,62,63,63,62,62,62,63,63,62.5,63,62,1
2026-05-04 10:13:00,639,80,80,80,80,80,80,79,80,79.88,80,79,1
2026-05-04 10:14:00,458,57,57,57,57,58,57,57,58,57.25,58,57,1
2026-05-04 10:15:00,749,93,94,94,93,93,94,94,94,93.62,94,93,1
2026-05-04 10:16:00,567,70,71,71,71,71,71,71,71,70.88,71,70,1
2026-05-04 10:17:00,820,102,103,103,103,102,102,102,103,102.5,103,102,1
2026-05-04 10:18:00,536,67,67,67,67,67,67,67,67,67.0,67,67,0
2026-05-04 10:19:00,521,65,65,65,65,65,65,65,66,65.12,66,65,1
2026-05-04 10:20:00,544,68,68,68,68,68,68,68,68,68.0,68,68,0
2026-05-04 10:21:00,727,91,91,90,91,91,91,91,91,90.88,91,90,1
2026-05-04 10:22:00,520,65,65,65,65,65,65,65,65,65.0,65,65,0
2026-05-04 10:23:00,881,110,110,110,111,110,110,110,110,110.12,111,110,1
2026-05-04 10:24:00,484,61,61,61,60,61,60,60,60,60.5,61,60,1
2026-05-04 10:25:00,683,86,85,85,85,86,86,85,85,85.38,86,85,1
2026-05-04 10:26:00,776,97,97,97,97,97,97,97,97,97.0,97,97,0
2026-05-04 10:27:00,791,99,99,99,99,99,99,98,99,98.88,99,98,1
2026-05-04 10:28:00,456,57,57,57,57,57,57,57,57,57.0,57,57,0
2026-05-04 10:29:00,458,57,57,57,57,58,57,57,58,57.25,58,57,1
2026-05-04 10:30:00,596,75,74,74,75,75,75,74,74,74.5,75,74,1
2026-05-04 10:31:00,862,108,108,108,107,108,108,108,107,107.75,108,107,1
2026-05-04 10:32:00,548,68,68,69,68,69,69,69,68,68.5,69,68,1
2026-05-04 10:33:00,857,107,107,107,107,107,107,108,107,107.12,108,107,1
2026-05-04 10:34:00,490,61,61,61,62,61,62,61,61,61.25,62,61,1
2026-05-04 10:35:00,685,86,86,86,86,85,86,85,85,85.62,86,85,1
2026-05-04 10:36:00,784,98,98,98,98,98,98,98,98,98.0,98,98,0
2026-05-04 10:37:00,889,112,111,111,111,111,111,111,111,111.12,112,111,1
2026-05-04 10:38:00,497,62,62,62,62,62,62,63,62,62.12,63,62,1
2026-05-04 10:39:00,644,81,80,80,81,81,80,81,80,80.5,81,80,1
2026-05-04 10:40:00,776,97,97,97,97,97,97,97,97,97.0,97,97,0
2026-05-04 10:41:00,454,57,56,57,57,57,57,56,57,56.75,57,56,1
2026-05-04 10:42:00,889,111,112,111,111,111,111,111,111,111.12,112,111,1
2026-05-04 10:43:00,720,90,90,90,90,90,90,90,90,90.0,90,90,0
2026-05-04 10:44:00,471,59,59,58,59,59,59,59,59,58.88,59,58,1
2026-05-04 10:45:00,488,61,61,61,61,61,61,61,61,61.0,61,61,0
2026-05-04 10:46:00,800,100,100,100,100,100,100,100,100,100.0,100,100,0
2026-05-04 10:47:00,593,75,74,74,74,74,74,74,74,74.12,75,74,1
2026-05-04 10:48:00,541,68,68,67,67,68,68,67,68,67.62,68,67,1
2026-05-04 10:49:00,835,105,104,105,104,104,104,105,104,104.38,105,104,1
2026-05-04 10:50:00,533,66,66,67,67,67,66,67,67,66.62,67,66,1
2026-05-04 10:51:00,646,81,80,81,80,81,81,81,81,80.75,81,80,1
2026-05-04 10:52:00,500,63,63,63,62,62,62,63,62,62.5,63,62,1
2026-05-04 10:53:00,759,95,95,95,95,94,95,95,95,94.88,95,94,1
2026-05-04 10:54:00,566,70,71,71,71,71,71,70,71,70.75,71,70,1
2026-05-04 10:55:00,749,94,94,94,93,94,93,94,93,93.62,94,93,1
2026-05-04 10:56:00,815,102,102,102,102,101,102,102,102,101.88,102,101,1
2026-05-04 10:57:00,828,104,103,104,103,103,103,104,104,103.5,104,103,1
2026-05-04 10:58:00,496,62,62,62,62,62,62,62,62,62.0,62,62,0
2026-05-04 10:59:00,452,56,56,57,57,57,57,56,56,56.5,57,56,1
2026-05-04 11:00:00,502,63,63,63,63,63,62,62,63,62.75,63,62,1
2026-05-04 11:01:00,734,92,91,92,92,91,92,92,92,91.75,92,91,1
2026-05-04 11:02:00,497,62,62,62,62,62,63,62,62,62.12,63,62,1
2026-05-04 11:03:00,892,112,111,112,112,111,111,112,111,111.5,112,111,1
2026-05-04 11:04:00,648,81,81,81,81,81,81,81,81,81.0,81,81,0
2026-05-04 11:05:00,848,106,106,106,106,106,106,106,106,106.0,106,106,0
2026-05-04 11:06:00,493,61,62,61,62,62,61,62,62,61.62,62,61,1
2026-05-04 11:07:00,536,67,67,67,67,67,67,67,67,67.0,67,67,0
2026-05-04 11:08:00,521,65,65,65,65,66,65,65,65,65.12,66,65,1
2026-05-04 11:09:00,604,76,76,75,76,76,75,75,75,75.5,76,75,1
2026-05-04 11:10:00,535,67,67,67,67,66,67,67,67,66.88,67,66,1
2026-05-04 11:11:00,578,72,72,72,73,72,73,72,72,72.25,73,72,1
2026-05-04 11:12:00,770,96,96,96,96,97,96,96,97,96.25,97,96,1
2026-05-04 11:13:00,765,96,96,96,96,95,95,95,96,95.62,96,95,1
2026-05-04 11:14:00,453,56,56,57,57,57,56,57,57,56.62,57,56,1
2026-05-04 11:15:00,675,84,84,84,85,84,85,84,85,84.38,85,84,1
2026-05-04 11:16:00,754,94,94,95,94,94,94,94,95,94.25,95,94,1
2026-05-04 11:17:00,614,76,77,77,77,77,76,77,77,76.75,77,76,1
2026-05-04 11:18:00,599,74,75,75,75,75,75,75,75,74.88,75,74,1
2026-05-04 11:19:00,636,79,80,79,79,80,79,80,80,79.5,80,79,1
2026-05-04 11:20:00,729,91,91,92,91,91,91,91,91,91.12,92,91,1
2026-05-04 11:21:00,799,100,100,99,100,100,100,100,100,99.88,100,99,1
2026-05-04 11:22:00,869,108,109,109,109,108,109,109,108,108.62,109,108,1
2026-05-04 11:23:00,573,71,72,71,72,72,72,71,72,71.62,72,71,1
2026-05-04 11:24:00,487,60,61,61,61,61,61,61,61,60.88,61,60,1
2026-05-04 11:25:00,728,91,91,91,91,91,91,91,91,91.0,91,91,0
2026-05-04 11:26:00,468,58,58,58,58,59,59,59,59,58.5,59,58,1
2026-05-04 11:27:00,776,97,97,97,97,97,97,97,97,97.0,97,97,0
2026-05-04 11:28:00,493,61,62,62,61,61,62,62,62,61.62,62,61,1
2026-05-04 11:29:00,781,98,97,98,98,98,98,97,97,97.62,98,97,1
2026-05-04 11:30:00,857,107,107,107,107,107,107,108,107,107.12,108,107,1
2026-05-04 11:31:00,504,63,63,63,63,63,63,63,63,63.0,63,63,0
2026-05-04 11:32:00,455,56,57,57,57,57,57,57,57,56.88,57,56,1
2026-05-04 11:33:00,650,81,81,81,81,81,81,82,82,81.25,82,81,1
2026-05-04 11:34:00,797,100,99,100,100,99,100,99,100,99.62,100,99,1
2026-05-04 11:35:00,601,75,75,75,75,75,75,76,75,75.12,76,75,1
2026-05-04 11:36:00,493,61,62,62,61,61,62,62,62,61.62,62,61,1
2026-05-04 11:37:00,609,76,76,76,76,76,77,76,76,76.12,77,76,1
2026-05-04 11:38:00,683,85,85,85,86,86,85,85,86,85.38,86,85,1
2026-05-04 11:39:00,628,79,78,78,79,78,79,78,79,78.5,79,78,1
2026-05-04 11:40:00,613,77,77,77,76,77,77,76,76,76.62,77,76,1
2026-05-04 11:41:00,884,111,111,110,110,110,111,110,111,110.5,111,110,1
2026-05-04 11:42:00,829,103,104,103,104,104,104,104,103,103.62,104,103,1
2026-05-04 11:43:00,619,77,78,77,78,77,77,78,77,77.38,78,77,1
2026-05-04 11:44:00,858,107,107,107,107,107,108,108,107,107.25,108,107,1
2026-05-04 11:45:00,544,68,68,68,68,68,68,68,68,68.0,68,68,0
2026-05-04 11:46:00,545,68,68,68,68,68,68,69,68,68.12,69,68,1
2026-05-04 11:47:00,652,82,82,81,81,82,82,81,81,81.5,82,81,1
2026-05-04 11:48:00,680,85,85,85,85,85,85,85,85,85.0,85,85,0
2026-05-04 11:49:00,753,94,94,94,94,94,94,95,94,94.12,95,94,1
2026-05-04 11:50:00,649,82,81,81,81,81,81,81,81,81.12,82,81,1
2026-05-04 11:51:00,810,101,102,101,102,101,101,101,101,101.25,102,101,1
2026-05-04 11:52:00,592,74,74,74,74,74,74,74,74,74.0,74,74,0
2026-05-04 11:53:00,835,105,105,104,104,105,104,104,104,104.38,105,104,1
2026-05-04 11:54:00,859,107,107,108,107,107,107,108,108,107.38,108,107,1
2026-05-04 11:55:00,550,69,68,69,69,69,69,68,69,68.75,69,68,1
2026-05-04 11:56:00,648,81,81,81,81,81,81,81,81,81.0,81,81,0
2026-05-04 11:57:00,762,95,95,95,95,96,95,96,95,95.25,96,95,1
2026-05-04 11:58:00,508,63,63,64,64,64,64,63,63,63.5,64,63,1
2026-05-04 11:59:00,538,67,67,67,67,68,67,67,68,67.25,68,67,1
2026-05-04 12:00:00,752,94,94,94,94,94,94,94,94,94.0,94,94,0
2026-05-04 12:01:00,493,62,62,62,61,61,61,62,62,61.62,62,61,1
2026-05-04 12:02:00,509,63,64,64,64,63,64,63,64,63.62,64,63,1
2026-05-04 12:03:00,664,83,83,83,83,83,83,83,83,83.0,83,83,0
2026-05-04 12:04:00,755,94,94,95,95,95,94,94,94,94.38,95,94,1
2026-05-04 12:05:00,666,83,83,84,84,83,83,83,83,83.25,84,83,1
2026-05-04 12:06:00,775,97,97,97,97,97,96,97,97,96.88,97,96,1
2026-05-04 12:07:00,611,77,76,76,76,77,76,76,77,76.38,77,76,1
2026-05-04 12:08:00,893,112,112,111,112,112,112,111,111,111.62,112,111,1
2026-05-04 12:09:00,867,108,108,108,108,109,108,109,109,108.38,109,108,1
2026-05-04 12:10:00,784,98,98,98,98,98,98,98,98,98.0,98,98,0
2026-05-04 12:11:00,703,88,88,87,88,88,88,88,88,87.88,88,87,1
2026-05-04 12:12:00,492,62,62,62,61,61,61,62,61,61.5,62,61,1
2026-05-04 12:13:00,466,58,59,58,58,59,58,58,58,58.25,59,58,1
2026-05-04 12:14:00,725,90,91,90,91,91,91,90,91,90.62,91,90,1
2026-05-04 12:15:00,731,92,92,91,91,92,91,91,91,91.38,92,91,1
2026-05-04 12:16:00,587,74,73,73,73,74,74,73,73,73.38,74,73,1
2026-05-04 12:17:00,839,105,105,105,105,105,104,105,105,104.88,105,104,1
2026-05-04 12:18:00,602,76,75,75,76,75,75,75,75,75.25,76,75,1
2026-05-04 12:19:00,584,73,73,73,73,73,73,73,73,73.0,73,73,0
2026-05-04 12:20:00,628,79,79,78,79,78,78,78,79,78.5,79,78,1
2026-05-04 12:21:00,557,69,69,69,70,70,70,70,70,69.62,70,69,1
2026-05-04 12:22:00,534,67,67,67,66,66,67,67,67,66.75,67,66,1
2026-05-04 12:23:00,629,78,79,79,78,79,78,79,79,78.62,79,78,1
2026-05-04 12:24:00,810,101,101,102,101,102,101,101,101,101.25,102,101,1
2026-05-04 12:25:00,743,93,93,92,93,93,93,93,93,92.88,93,92,1
2026-05-04 12:26:00,591,73,74,74,74,74,74,74,74,73.88,74,73,1
2026-05-04 12:27:00,874,109,109,109,110,109,109,110,109,109.25,110,109,1
2026-05-04 12:28:00,881,110,110,110,110,110,110,111,110,110.12,111,110,1
2026-05-04 12:29:00,700,87,87,88,87,88,88,87,88,87.5,88,87,1
2026-05-04 12:30:00,771,96,96,96,97,96,96,97,97,96.38,97,96,1
2026-05-04 12:31:00,488,61,61,61,61,61,61,61,61,61.0,61,61,0
2026-05-04 12:32:00,774,96,97,97,97,97,97,96,97,96.75,97,96,1
2026-05-04 12:33:00,699,88,87,87,87,88,88,87,87,87.38,88,87,1
2026-05-04 12:34:00,894,112,112,112,112,112,112,111,111,111.75,112,111,1
2026-05-04 12:35:00,653,81,82,82,82,81,81,82,82,81.62,82,81,1
2026-05-04 12:36:00,615,76,77,77,77,77,77,77,77,76.88,77,76,1
2026-05-04 12:37:00,853,107,106,106,106,107,107,107,107,106.62,107,106,1
2026-05-04 12:38:00,770,97,96,96,96,96,96,96,97,96.25,97,96,1
2026-05-04 12:39:00,513,64,64,65,64,64,64,64,64,64.12,65,64,1
2026-05-04 12:40:00,675,85,84,84,85,84,84,84,85,84.38,85,84,1
2026-05-04 12:41:00,553,69,69,70,69,69,69,69,69,69.12,70,69,1
2026-05-04 12:42:00,782,98,98,98,97,98,98,98,97,97.75,98,97,1
2026-05-04 12:43:00,492,61,62,61,61,61,62,62,62,61.5,62,61,1
2026-05-04 12:44:00,476,59,60,60,59,59,60,60,59,59.5,60,59,1
2026-05-04 12:45:00,669,84,84,83,83,83,84,84,84,83.62,84,83,1
2026-05-04 12:46:00,694,87,87,86,87,87,86,87,87,86.75,87,86,1
2026-05-04 12:47:00,454,57,57,56,57,57,57,57,56,56.75,57,56,1
2026-05-04 12:48:00,486,61,61,60,61,61,61,60,61,60.75,61,60,1
2026-05-04 12:49:00,638,80,80,79,80,80,79,80,80,79.75,80,79,1
2026-05-04 12:50:00,721,91,90,90,90,90,90,90,90,90.12,91,90,1
2026-05-04 12:51:00,762,95,95,96,96,95,95,95,95,95.25,96,95,1
2026-05-04 12:52:00,629,78,79,78,79,78,79,79,79,78.62,79,78,1
2026-05-04 12:53:00,765,96,96,95,95,96,95,96,96,95.62,96,95,1
2026-05-04 12:54:00,521,65,66,65,65,65,65,65,65,65.12,66,65,1
2026-05-04 12:55:00,751,94,94,94,94,93,94,94,94,93.88,94,93,1
2026-05-04 12:56:00,780,97,98,97,97,98,98,97,98,97.5,98,97,1
2026-05-04 12:57:00,757,95,94,95,94,95,95,95,94,94.62,95,94,1
2026-05-04 12:58:00,555,69,69,69,70,69,70,69,70,69.38,70,69,1
2026-05-04 12:59:00,601,76,75,75,75,75,75,75,75,75.12,76,75,1
2026-05-04 13:00:00,851,106,106,106,107,106,106,107,107,106.38,107,106,1
2026-05-04 13:01:00,507,63,63,63,64,63,64,63,64,63.38,64,63,1
2026-05-04 13:02:00,754,94,95,94,94,95,94,94,94,94.25,95,94,1
2026-05-04 13:03:00,456,57,57,57,57,57,57,57,57,57.0,57,57,0
2026-05-04 13:04:00,634,79,80,79,79,79,80,79,79,79.25,80,79,1
2026-05-04 13:05:00,648,81,81,81,81,81,81,81,81,81.0,81,81,0
2026-05-04 13:06:00,890,111,111,112,111,111,111,112,111,111.25,112,111,1
2026-05-04 13:07:00,729,91,91,92,91,91,91,91,91,91.12,92,91,1
2026-05-04 13:08:00,840,105,105,105,105,105,105,105,105,105.0,105,105,0
2026-05-04 13:09:00,691,87,87,86,86,87,86,86,86,86.38,87,86,1
2026-05-04 13:10:00,484,61,61,61,60,60,60,60,61,60.5,61,60,1
2026-05-04 13:11:00,480,60,60,60,60,60,60,60,60,60.0,60,60,0
2026-05-04 13:12:00,854,106,107,107,107,107,106,107,107,106.75,107,106,1
2026-05-04 13:13:00,809,101,101,101,101,101,101,102,101,101.12,102,101,1
2026-05-04 13:14:00,492,62,61,62,61,61,61,62,62,61.5,62,61,1
2026-05-04 13:15:00,490,61,61,61,62,61,61,62,61,61.25,62,61,1
2026-05-04 13:16:00,529,66,66,66,66,66,67,66,66,66.12,67,66,1
2026-05-04 13:17:00,650,81,82,82,81,81,81,81,81,81.25,82,81,1
2026-05-04 13:18:00,807,101,101,100,101,101,101,101,101,100.88,101,100,1
2026-05-04 13:19:00,509,64,63,64,63,64,63,64,64,63.62,64,63,1
2026-05-04 13:20:00,791,99,99,99,99,99,99,99,98,98.88,99,98,1
2026-05-04 13:21:00,627,78,79,79,78,79,78,78,78,78.38,79,78,1
2026-05-04 13:22:00,514,64,64,64,64,65,65,64,64,64.25,65,64,1
2026-05-04 13:23:00,510,64,64,64,64,63,63,64,64,63.75,64,63,1
2026-05-04 13:24:00,814,102,102,102,102,102,101,102,101,101.75,102,101,1
2026-05-04 13:25:00,705,88,88,89,88,88,88,88,88,88.12,89,88,1
2026-05-04 13:26:00,638,80,79,80,80,80,80,79,80,79.75,80,79,1
2026-05-04 13:27:00,829,104,104,103,103,103,104,104,104,103.62,104,103,1
2026-05-04 13:28:00,691,86,87,86,87,86,87,86,86,86.38,87,86,1
2026-05-04 13:29:00,541,68,68,67,68,68,68,67,67,67.62,68,67,1
2026-05-04 13:30:00,614,77,76,77,77,77,77,76,77,76.75,77,76,1
2026-05-04 13:31:00,742,93,93,92,92,93,93,93,93,92.75,93,92,1
2026-05-04 13:32:00,861,108,107,108,108,107,107,108,108,107.62,108,107,1
2026-05-04 13:33:00,846,106,105,106,106,106,106,105,106,105.75,106,105,1
2026-05-04 13:34:00,638,79,80,80,80,80,79,80,80,79.75,80,79,1
2026-05-04 13:35:00,638,80,80,79,79,80,80,80,80,79.75,80,79,1
2026-05-04 13:36:00,453,57,57,57,56,57,56,57,56,56.62,57,56,1
2026-05-04 13:37:00,775,97,96,97,97,97,97,97,97,96.88,97,96,1
2026-05-04 13:38:00,721,90,90,90,91,90,90,90,90,90.12,91,90,1
2026-05-04 13:39:00,664,83,83,83,83,83,83,83,83,83.0,83,83,0
2026-05-04 13:40:00,701,88,88,88,87,87,88,87,88,87.62,88,87,1
2026-05-04 13:41:00,472,59,59,59,59,59,59,59,59,59.0,59,59,0
2026-05-04 13:42:00,568,71,71,71,71,71,71,71,71,71.0,71,71,0
2026-05-04 13:43:00,882,110,110,110,110,110,111,111,110,110.25,111,110,1
2026-05-04 13:44:00,640,80,80,80,80,80,80,80,80,80.0,80,80,0
2026-05-04 13:45:00,684,86,86,85,85,86,85,86,85,85.5,86,85,1
2026-05-04 13:46:00,518,65,65,64,64,65,65,65,65,64.75,65,64,1
2026-05-04 13:47:00,789,98,99,99,98,99,99,98,99,98.62,99,98,1
2026-05-04 13:48:00,860,107,107,108,107,107,108,108,108,107.5,108,107,1
2026-05-04 13:49:00,612,77,77,77,76,76,76,76,77,76.5,77,76,1
2026-05-04 13:50:00,553,69,69,70,69,69,69,69,69,69.12,70,69,1
2026-05-04 13:51:00,849,106,107,106,106,106,106,106,106,106.12,107,106,1
2026-05-04 13:52:00,529,66,67,66,66,66,66,66,66,66.12,67,66,1
2026-05-04 13:53:00,534,67,66,67,67,66,67,67,67,66.75,67,66,1
2026-05-04 13:54:00,633,79,79,79,80,79,79,79,79,79.12,80,79,1
2026-05-04 13:55:00,681,85,85,85,85,86,85,85,85,85.12,86,85,1
2026-05-04 13:56:00,687,86,86,86,86,86,86,86,85,85.88,86,85,1
2026-05-04 13:57:00,873,110,109,109,109,109,109,109,109,109.12,110,109,1
2026-05-04 13:58:00,560,70,70,70,70,70,70,70,70,70.0,70,70,0
2026-05-04 13:59:00,877,110,110,110,109,109,110,110,109,109.62,110,109,1
2026-05-04 14:00:00,652,82,81,82,81,81,82,82,81,81.5,82,81,1
2026-05-04 14:01:00,869,109,109,109,109,108,109,108,108,108.62,109,108,1
2026-05-04 14:02:00,498,63,62,62,62,62,62,62,63,62.25,63,62,1
2026-05-04 14:03:00,861,108,108,108,107,107,108,108,107,107.62,108,107,1
2026-05-04 14:04:00,516,64,64,65,65,64,64,65,65,64.5,65,64,1
2026-05-04 14:05:00,801,100,101,100,100,100,100,100,100,100.12,101,100,1
2026-05-04 14:06:00,748,94,93,93,93,94,94,94,93,93.5,94,93,1
2026-05-04 14:07:00,483,60,60,60,61,60,61,60,61,60.38,61,60,1
2026-05-04 14:08:00,864,108,108,108,108,108,108,108,108,108.0,108,108,0
2026-05-04 14:09:00,515,64,65,65,64,64,64,65,64,64.38,65,64,1
2026-05-04 14:10:00,512,64,64,64,64,64,64,64,64,64.0,64,64,0
2026-05-04 14:11:00,471,59,59,59,59,59,59,58,59,58.88,59,58,1
2026-05-04 14:12:00,704,88,88,88,88,88,88,88,88,88.0,88,88,0
2026-05-04 14:13:00,465,58,58,58,58,58,58,59,58,58.12,59,58,1
2026-05-04 14:14:00,799,99,100,100,100,100,100,100,100,99.88,100,99,1
2026-05-04 14:15:00,678,85,85,85,84,85,85,84,85,84.75,85,84,1
2026-05-04 14:16:00,601,75,75,75,75,75,75,75,76,75.12,76,75,1
2026-05-04 14:17:00,660,83,82,83,82,82,82,83,83,82.5,83,82,1
2026-05-04 14:18:00,646,80,81,81,81,81,81,80,81,80.75,81,80,1
2026-05-04 14:19:00,860,108,107,108,108,107,108,107,107,107.5,108,107,1
2026-05-04 14:20:00,695,86,87,87,87,87,87,87,87,86.88,87,86,1
2026-05-04 14:21:00,542,68,68,68,67,68,68,67,68,67.75,68,67,1
2026-05-04 14:22:00,479,60,60,60,59,60,60,60,60,59.88,60,59,1
2026-05-04 14:23:00,576,72,72,72,72,72,72,72,72,72.0,72,72,0
2026-05-04 14:24:00,786,98,98,99,99,98,98,98,98,98.25,99,98,1
2026-05-04 14:25:00,723,91,91,90,90,90,90,91,90,90.38,91,90,1
2026-05-04 14:26:00,744,93,93,93,93,93,93,93,93,93.0,93,93,0
2026-05-04 14:27:00,883,110,111,111,110,110,110,111,110,110.38,111,110,1
2026-05-04 14:28:00,540,67,67,68,68,68,68,67,67,67.5,68,67,1
2026-05-04 14:29:00,752,94,94,94,94,94,94,94,94,94.0,94,94,0
2026-05-04 14:30:00,464,58,58,58,58,58,58,58,58,58.0,58,58,0
2026-05-04 14:31:00,810,101,101,101,101,102,102,101,101,101.25,102,101,1
2026-05-04 14:32:00,738,92,92,93,92,93,92,92,92,92.25,93,92,1
2026-05-04 14:33:00,546,68,68,68,68,69,68,68,69,68.25,69,68,1
2026-05-04 14:34:00,608,76,76,76,76,76,76,76,76,76.0,76,76,0
2026-05-04 14:35:00,539,68,67,67,67,67,67,68,68,67.38,68,67,1
2026-05-04 14:36:00,478,60,60,59,60,60,59,60,60,59.75,60,59,1
2026-05-04 14:37:00,619,77,78,77,78,77,77,78,77,77.38,78,77,1
2026-05-04 14:38:00,624,78,78,78,78,78,78,78,78,78.0,78,78,0
2026-05-04 14:39:00,817,102,102,103,102,102,102,102,102,102.12,103,102,1
2026-05-04 14:40:00,860,108,108,107,107,107,108,108,107,107.5,108,107,1
2026-05-04 14:41:00,750,94,93,94,93,94,94,94,94,93.75,94,93,1
2026-05-04 14:42:00,641,80,80,80,80,80,80,81,80,80.12,81,80,1
2026-05-04 14:43:00,750,94,94,94,93,93,94,94,94,93.75,94,93,1
2026-05-04 14:44:00,824,103,103,103,103,103,103,103,103,103.0,103,103,0
2026-05-04 14:45:00,673,84,84,84,84,84,84,84,85,84.12,85,84,1
2026-05-04 14:46:00,782,98,98,98,97,98,98,97,98,97.75,98,97,1
2026-05-04 14:47:00,790,99,99,99,99,98,99,98,99,98.75,99,98,1
2026-05-04 14:48:00,823,103,103,102,103,103,103,103,103,102.88,103,102,1
2026-05-04 14:49:00,864,108,108,108,108,108,108,108,108,108.0,108,108,0
2026-05-04 14:50:00,763,95,95,95,96,96,96,95,95,95.38,96,95,1
2026-05-04 14:51:00,503,63,63,63,63,62,63,63,63,62.88,63,62,1
2026-05-04 14:52:00,535,67,67,67,67,66,67,67,67,66.88,67,66,1
2026-05-04 14:53:00,557,70,69,70,70,70,70,69,69,69.62,70,69,1
2026-05-04 14:54:00,852,107,107,106,106,106,107,107,106,106.5,107,106,1
2026-05-04 14:55:00,647,80,81,81,81,81,81,81,81,80.88,81,80,1
2026-05-04 14:56:00,629,79,79,78,79,79,78,79,78,78.62,79,78,1
2026-05-04 14:57:00,533,67,66,67,66,66,67,67,67,66.62,67,66,1
2026-05-04 14:58:00,613,77,77,77,76,77,76,77,76,76.62,77,76,1
2026-05-04 14:59:00,642,80,80,81,80,80,81,80,80,80.25,81,80,1
2026-05-04 15:00:00,488,61,61,61,61,61,61,61,61,61.0,61,61,0
2026-05-04 15:01:00,730,91,92,92,91,91,91,91,91,91.25,92,91,1
2026-05-04 15:02:00,754,94,94,94,94,94,95,94,95,94.25,95,94,1
2026-05-04 15:03:00,465,58,58,58,58,58,58,59,58,58.12,59,58,1
2026-05-04 15:04:00,784,98,98,98,98,98,98,98,98,98.0,98,98,0
2026-05-04 15:05:00,534,67,67,67,66,67,67,67,66,66.75,67,66,1
2026-05-04 15:06:00,547,68,68,68,68,69,69,69,68,68.38,69,68,1
2026-05-04 15:07:00,819,102,102,103,102,103,103,102,102,102.38,103,102,1
2026-05-04 15:08:00,602,76,75,75,76,75,75,75,75,75.25,76,75,1
2026-05-04 15:09:00,475,59,59,59,59,60,59,60,60,59.38,60,59,1
2026-05-04 15:10:00,880,110,110,110,110,110,110,110,110,110.0,110,110,0
2026-05-04 15:11:00,701,88,87,88,88,87,87,88,88,87.62,88,87,1
2026-05-04 15:12:00,494,62,61,61,62,62,62,62,62,61.75,62,61,1
2026-05-04 15:13:00,499,63,63,62,62,62,62,63,62,62.38,63,62,1
2026-05-04 15:14:00,776,97,97,97,97,97,97,97,97,97.0,97,97,0
2026-05-04 15:15:00,599,75,75,75,75,75,74,75,75,74.88,75,74,1
2026-05-04 15:16:00,788,99,98,98,98,99,99,98,99,98.5,99,98,1
2026-05-04 15:17:00,648,81,81,81,81,81,81,81,81,81.0,81,81,0
2026-05-04 15:18:00,544,68,68,68,68,68,68,68,68,68.0,68,68,0
2026-05-04 15:19:00,639,80,80,80,80,79,80,80,80,79.88,80,79,1
2026-05-04 15:20:00,688,86,86,86,86,86,86,86,86,86.0,86,86,0
2026-05-04 15:21:00,584,73,73,73,73,73,73,73,73,73.0,73,73,0
2026-05-04 15:22:00,565,71,71,70,70,71,71,70,71,70.62,71,70,1
2026-05-04 15:23:00,493,61,62,61,62,62,62,62,61,61.62,62,61,1
2026-05-04 15:24:00,733,92,91,91,92,92,92,92,91,91.62,92,91,1
2026-05-04 15:25:00,724,90,91,90,91,91,90,90,91,90.5,91,90,1
2026-05-04 15:26:00,603,75,76,75,76,75,76,75,75,75.38,76,75,1
2026-05-04 15:27:00,467,59,58,59,59,58,58,58,58,58.38,59,58,1
2026-05-04 15:28:00,538,67,68,68,67,67,67,67,67,67.25,68,67,1
2026-05-04 15:29:00,863,108,108,108,108,107,108,108,108,107.88,108,107,1
2026-05-04 15:30:00,553,69,69,70,69,69,69,69,69,69.12,70,69,1
2026-05-04 15:31:00,877,110,109,110,109,110,110,109,110,109.62,110,109,1
2026-05-04 15:32:00,648,81,81,81,81,81,81,81,81,81.0,81,81,0
2026-05-04 15:33:00,734,92,91,92,92,92,92,92,91,91.75,92,91,1
2026-05-04 15:34:00,852,107,107,106,107,106,106,107,106,106.5,107,106,1
2026-05-04 15:35:00,525,66,66,66,65,66,65,66,65,65.62,66,65,1
2026-05-04 15:36:00,894,111,111,112,112,112,112,112,112,111.75,112,111,1
2026-05-04 15:37:00,761,95,95,95,95,95,95,95,96,95.12,96,95,1
2026-05-04 15:38:00,469,58,59,59,59,58,59,58,59,58.62,59,58,1
2026-05-04 15:39:00,469,59,59,59,58,58,59,59,58,58.62,59,58,1
2026-05-04 15:40:00,831,104,104,104,104,103,104,104,104,103.88,104,103,1
2026-05-04 15:41:00,593,74,74,74,74,74,74,74,75,74.12,75,74,1
2026-05-04 15:42:00,889,111,112,111,111,111,111,111,111,111.12,112,111,1
2026-05-04 15:43:00,894,111,112,112,112,111,112,112,112,111.75,112,111,1
2026-05-04 15:44:00,823,103,103,102,103,103,103,103,103,102.88,103,102,1
2026-05-04 15:45:00,871,109,108,109,109,109,109,109,109,108.88,109,108,1
2026-05-04 15:46:00,483,60,60,60,60,61,61,60,61,60.38,61,60,1
2026-05-04 15:47:00,656,82,82,82,82,82,82,82,82,82.0,82,82,0
2026-05-04 15:48:00,519,65,65,65,65,64,65,65,65,64.88,65,64,1
2026-05-04 15:49:00,683,86,85,86,85,85,86,85,85,85.38,86,85,1
2026-05-04 15:50:00,551,69,68,69,69,69,69,69,69,68.88,69,68,1
2026-05-04 15:51:00,798,100,100,100,100,100,99,99,100,99.75,100,99,1
2026-05-04 15:52:00,895,112,112,112,111,112,112,112,112,111.88,112,111,1
2026-05-04 15:53:00,833,104,105,104,104,104,104,104,104,104.12,105,104,1
2026-05-04 15:54:00,595,75,74,74,75,74,74,74,75,74.38,75,74,1
2026-05-04 15:55:00,533,66,67,66,67,67,67,67,66,66.62,67,66,1
2026-05-04 15:56:00,587,74,73,73,73,74,73,74,73,73.38,74,73,1
2026-05-04 15:57:00,892,112,112,111,112,111,112,111,111,111.5,112,111,1
2026-05-04 15:58:00,757,95,95,95,94,95,95,94,94,94.62,95,94,1
2026-05-04 15:59:00,814,101,102,102,102,102,102,102,101,101.75,102,101,1
2026-05-04 16:00:00,561,70,70,70,70,70,70,70,71,70.12,71,70,1
2026-05-04 16:01:00,604,76,75,75,75,76,76,76,75,75.5,76,75,1
2026-05-04 16:02:00,711,89,89,89,88,89,89,89,89,88.88,89,88,1
2026-05-04 16:03:00,696,87,87,87,87,87,87,87,87,87.0,87,87,0
2026-05-04 16:04:00,482,60,60,61,60,60,61,60,60,60.25,61,60,1
2026-05-04 16:05:00,777,97,97,97,97,97,98,97,97,97.12,98,97,1
2026-05-04 16:06:00,891,111,111,112,111,112,112,111,111,111.38,112,111,1
2026-05-04 16:07:00,814,102,102,101,101,102,102,102,102,101.75,102,101,1
2026-05-04 16:08:00,862,108,108,108,107,107,108,108,108,107.75,108,107,1
2026-05-04 16:09:00,704,88,88,88,88,88,88,88,88,88.0,88,88,0
2026-05-04 16:10:00,601,75,75,75,75,76,75,75,75,75.12,76,75,1
2026-05-04 16:11:00,664,83,83,83,83,83,83,83,83,83.0,83,83,0
2026-05-04 16:12:00,657,82,82,82,82,82,82,83,82,82.12,83,82,1
2026-05-04 16:13:00,827,104,103,103,103,104,104,103,103,103.38,104,103,1
2026-05-04 16:14:00,742,92,93,93,93,92,93,93,93,92.75,93,92,1
2026-05-04 16:15:00,633,79,79,79,79,80,79,79,79,79.12,80,79,1
2026-05-04 16:16:00,882,110,110,111,110,110,110,111,110,110.25,111,110,1
2026-05-04 16:17:00,786,98,98,99,98,98,98,98,99,98.25,99,98,1
2026-05-04 16:18:00,499,62,63,62,62,62,63,62,63,62.38,63,62,1
2026-05-04 16:19:00,582,73,73,73,73,72,73,72,73,72.75,73,72,1
2026-05-04 16:20:00,564,70,70,71,71,71,71,70,70,70.5,71,70,1
2026-05-04 16:21:00,583,73,72,73,73,73,73,73,73,72.88,73,72,1
2026-05-04 16:22:00,691,87,86,86,87,87,86,86,86,86.38,87,86,1
2026-05-04 16:23:00,894,112,111,112,112,112,111,112,112,111.75,112,111,1
2026-05-04 16:24:00,520,65,65,65,65,65,65,65,65,65.0,65,65,0
2026-05-04 16:25:00,552,69,69,69,69,69,69,69,69,69.0,69,69,0
2026-05-04 16:26:00,625,78,78,78,78,78,78,79,78,78.12,79,78,1
2026-05-04 16:27:00,741,93,93,93,92,92,92,93,93,92.62,93,92,1
2026-05-04 16:28:00,699,87,88,87,87,87,88,87,88,87.38,88,87,1
2026-05-04 16:29:00,610,77,76,76,76,76,76,76,77,76.25,77,76,1
2026-05-04 16:30:00,681,85,85,85,85,86,85,85,85,85.12,86,85,1
2026-05-04 16:31:00,557,70,70,70,70,70,69,69,69,69.62,70,69,1
2026-05-04 16:32:00,516,64,64,64,65,64,65,65,65,64.5,65,64,1
2026-05-04 16:33:00,669,84,84,83,84,83,84,83,84,83.62,84,83,1
2026-05-04 16:34:00,824,103,103,103,103,103,103,103,103,103.0,103,103,0
2026-05-04 16:35:00,641,81,80,80,80,80,80,80,80,80.12,81,80,1
2026-05-04 16:36:00,614,77,77,76,77,77,77,77,76,76.75,77,76,1
2026-05-04 16:37:00,805,101,101,101,101,100,101,100,100,100.62,101,100,1
2026-05-04 16:38:00,707,89,89,88,88,89,88,88,88,88.38,89,88,1
2026-05-04 16:39:00,871,109,109,109,109,108,109,109,109,108.88,109,108,1
2026-05-04 16:40:00,625,78,78,78,78,78,78,78,79,78.12,79,78,1
2026-05-04 16:41:00,633,79,79,79,80,79,79,79,79,79.12,80,79,1
2026-05-04 16:42:00,534,67,67,66,66,67,67,67,67,66.75,67,66,1
2026-05-04 16:43:00,825,104,103,103,103,103,103,103,103,103.12,104,103,1
2026-05-04 16:44:00,751,94,94,94,94,93,94,94,94,93.88,94,93,1
2026-05-04 16:45:00,844,106,105,105,105,106,106,105,106,105.5,106,105,1
2026-05-04 16:46:00,784,98,98,98,98,98,98,98,98,98.0,98,98,0
2026-05-04 16:47:00,878,110,110,109,110,109,110,110,110,109.75,110,109,1
2026-05-04 16:48:00,644,80,81,81,81,81,80,80,80,80.5,81,80,1
2026-05-04 16:49:00,809,101,101,102,101,101,101,101,101,101.12,102,101,1
2026-05-04 16:50:00,555,70,69,70,70,69,69,69,69,69.38,70,69,1
2026-05-04 16:51:00,788,98,99,99,98,99,99,98,98,98.5,99,98,1
2026-05-04 16:52:00,768,96,96,96,96,96,96,96,96,96.0,96,96,0
2026-05-04 16:53:00,760,95,95,95,95,95,95,95,95,95.0,95,95,0
2026-05-04 16:54:00,808,101,101,101,101,101,101,101,101,101.0,101,101,0
2026-05-04 16:55:00,520,65,65,65,65,65,65,65,65,65.0,65,65,0
2026-05-04 16:56:00,664,83,83,83,83,83,83,83,83,83.0,83,83,0
2026-05-04 16:57:00,875,109,110,109,109,110,110,109,109,109.38,110,109,1
2026-05-04 16:58:00,766,96,96,96,96,96,96,95,95,95.75,96,95,1
2026-05-04 16:59:00,761,95,95,95,96,95,95,95,95,95.12,96,95,1
2026-05-04 17:00:00,848,106,106,106,106,106,106,106,106,106.0,106,106,0
2026-05-04 17:01:00,584,73,73,73,73,73,73,73,73,73.0,73,73,0
2026-05-04 17:02:00,875,109,109,110,110,109,110,109,109,109.38,110,109,1
2026-05-04 17:03:00,659,83,83,82,82,83,82,82,82,82.38,83,82,1
2026-05-04 17:04:00,730,91,92,91,91,91,91,91,92,91.25,92,91,1
2026-05-04 17:05:00,802,100,100,101,100,100,100,100,101,100.25,101,100,1
2026-05-04 17:06:00,570,72,71,71,71,71,71,71,72,71.25,72,71,1
2026-05-04 17:07:00,793,99,100,99,99,99,99,99,99,99.12,100,99,1
2026-05-04 17:08:00,506,63,64,63,63,63,63,63,64,63.25,64,63,1
2026-05-04 17:09:00,496,62,62,62,62,62,62,62,62,62.0,62,62,0
2026-05-04 17:10:00,849,106,107,106,106,106,106,106,106,106.12,107,106,1
2026-05-04 17:11:00,820,102,103,103,102,102,103,102,103,102.5,103,102,1
2026-05-04 17:12:00,683,85,85,86,86,86,85,85,85,85.38,86,85,1
2026-05-04 17:13:00,475,59,60,59,59,59,59,60,60,59.38,60,59,1
2026-05-04 17:14:00,897,113,112,112,112,112,112,112,112,112.12,113,112,1
2026-05-04 17:15:00,886,110,110,111,111,111,111,111,111,110.75,111,110,1
2026-05-04 17:16:00,509,64,64,63,63,63,64,64,64,63.62,64,63,1
2026-05-04 17:17:00,789,98,98,99,99,98,99,99,99,98.62,99,98,1
2026-05-04 17:18:00,899,112,113,113,112,112,112,113,112,112.38,113,112,1
2026-05-04 17:19:00,543,67,68,68,68,68,68,68,68,67.88,68,67,1
2026-05-04 17:20:00,859,107,108,107,107,107,108,108,107,107.38,108,107,1
2026-05-04 17:21:00,507,63,63,64,63,63,64,64,63,63.38,64,63,1
2026-05-04 17:22:00,480,60,60,60,60,60,60,60,60,60.0,60,60,0
2026-05-04 17:23:00,882,111,110,111,110,110,110,110,110,110.25,111,110,1
2026-05-04 17:24:00,663,82,83,83,83,83,83,83,83,82.88,83,82,1
2026-05-04 17:25:00,848,106,106,106,106,106,106,106,106,106.0,106,106,0
2026-05-04 17:26:00,633,80,79,79,79,79,79,79,79,79.12,80,79,1
2026-05-04 17:27:00,891,111,111,112,112,111,111,112,111,111.38,112,111,1
2026-05-04 17:28:00,507,64,63,63,64,63,63,64,63,63.38,64,63,1
2026-05-04 17:29:00,482,60,60,60,60,61,61,60,60,60.25,61,60,1
2026-05-04 17:30:00,610,77,76,76,76,76,77,76,76,76.25,77,76,1
2026-05-04 17:31:00,894,112,112,112,112,112,112,111,111,111.75,112,111,1
2026-05-04 17:32:00,788,98,98,99,99,98,98,99,99,98.5,99,98,1
2026-05-04 17:33:00,526,66,66,65,66,66,66,65,66,65.75,66,65,1
2026-05-04 17:34:00,895,112,112,112,112,112,112,111,112,111.88,112,111,1
2026-05-04 17:35:00,475,59,59,59,60,60,60,59,59,59.38,60,59,1
2026-05-04 17:36:00,643,80,81,80,80,80,80,81,81,80.38,81,80,1
2026-05-04 17:37:00,490,61,61,61,62,61,61,61,62,61.25,62,61,1
2026-05-04 17:38:00,860,108,107,107,108,107,108,107,108,107.5,108,107,1
2026-05-04 17:39:00,611,76,77,76,77,76,77,76,76,76.38,77,76,1
2026-05-04 17:40:00,784,98,98,98,98,98,98,98,98,98.0,98,98,0
2026-05-04 17:41:00,459,57,58,57,58,57,57,58,57,57.38,58,57,1
2026-05-04 17:42:00,468,59,58,58,58,59,58,59,59,58.5,59,58,1
2026-05-04 17:43:00,766,95,96,95,96,96,96,96,96,95.75,96,95,1
2026-05-04 17:44:00,636,80,80,79,80,79,79,80,79,79.5,80,79,1
2026-05-04 17:45:00,619,77,77,77,77,77,78,78,78,77.38,78,77,1
2026-05-04 17:46:00,636,80,80,79,79,79,79,80,80,79.5,80,79,1
2026-05-04 17:47:00,451,56,56,57,56,56,57,56,57,56.38,57,56,1
2026-05-04 17:48:00,859,107,107,107,107,108,107,108,108,107.38,108,107,1
2026-05-04 17:49:00,641,80,81,80,80,80,80,80,80,80.12,81,80,1
2026-05-04 17:50:00,473,59,59,60,59,59,59,59,59,59.12,60,59,1
2026-05-04 17:51:00,702,88,88,88,88,87,88,88,87,87.75,88,87,1
2026-05-04 17:52:00,762,95,96,95,96,95,95,95,95,95.25,96,95,1
2026-05-04 17:53:00,511,64,64,64,64,64,63,64,64,63.88,64,63,1
2026-05-04 17:54:00,473,59,60,59,59,59,59,59,59,59.12,60,59,1
2026-05-04 17:55:00,845,105,106,105,106,106,106,105,106,105.62,106,105,1
2026-05-04 17:56:00,705,89,88,88,88,88,88,88,88,88.12,89,88,1
2026-05-04 17:57:00,721,91,90,90,90,90,90,90,90,90.12,91,90,1
2026-05-04 17:58:00,733,91,92,91,92,92,91,92,92,91.62,92,91,1
2026-05-04 17:59:00,804,101,101,101,100,100,101,100,100,100.5,101,100,1
2026-05-04 18:00:00,498,62,62,62,62,63,63,62,62,62.25,63,62,1
2026-05-04 18:01:00,496,62,62,62,62,62,62,62,62,62.0,62,62,0
2026-05-04 18:02:00,514,64,64,65,65,64,64,64,64,64.25,65,64,1
2026-05-04 18:03:00,503,62,63,63,63,63,63,63,63,62.88,63,62,1
2026-05-04 18:04:00,580,72,72,72,72,73,73,73,73,72.5,73,72,1
2026-05-04 18:05:00,623,77,78,78,78,78,78,78,78,77.88,78,77,1
2026-05-04 18:06:00,644,80,81,81,80,80,81,81,80,80.5,81,80,1
2026-05-04 18:07:00,557,70,69,70,70,69,70,69,70,69.62,70,69,1
2026-05-04 18:08:00,598,74,75,75,74,75,75,75,75,74.75,75,74,1
2026-05-04 18:09:00,306,39,39,38,38,38,38,38,38,38.25,39,38,1
2026-05-04 18:10:00,495,62,62,62,62,62,62,62,61,61.88,62,61,1
2026-05-04 18:11:00,446,56,56,56,55,56,55,56,56,55.75,56,55,1
2026-05-04 18:12:00,316,40,39,39,40,39,40,40,39,39.5,40,39,1
2026-05-04 18:13:00,615,77,77,76,77,77,77,77,77,76.88,77,76,1
2026-05-04 18:14:00,640,80,80,80,80,80,80,80,80,80.0,80,80,0
2026-05-04 18:15:00,324,40,40,41,41,40,40,41,41,40.5,41,40,1
2026-05-04 18:16:00,582,73,73,73,72,73,73,72,73,72.75,73,72,1
2026-05-04 18:17:00,526,65,66,66,66,66,66,66,65,65.75,66,65,1
2026-05-04 18:18:00,399,50,50,50,50,50,50,49,50,49.88,50,49,1
2026-05-04 18:19:00,493,62,61,62,62,62,62,61,61,61.62,62,61,1
2026-05-04 18:20:00,366,46,46,46,45,46,46,45,46,45.75,46,45,1
2026-05-04 18:21:00,379,48,48,48,47,47,47,47,47,47.38,48,47,1
2026-05-04 18:22:00,605,76,75,76,75,76,76,76,75,75.62,76,75,1
2026-05-04 18:23:00,551,69,69,69,68,69,69,69,69,68.88,69,68,1
2026-05-04 18:24:00,558,70,69,70,70,70,70,70,69,69.75,70,69,1
2026-05-04 18:25:00,478,59,60,60,60,60,60,60,59,59.75,60,59,1
2026-05-04 18:26:00,450,56,56,56,57,56,56,57,56,56.25,57,56,1
2026-05-04 18:27:00,616,77,77,77,77,77,77,77,77,77.0,77,77,0
2026-05-04 18:28:00,571,71,71,71,71,72,72,71,72,71.38,72,71,1
2026-05-04 18:29:00,304,38,38,38,38,38,38,38,38,38.0,38,38,0
2026-05-04 18:30:00,358,45,45,44,45,45,45,44,45,44.75,45,44,1
2026-05-04 18:31:00,649,81,81,81,81,81,82,81,81,81.12,82,81,1
2026-05-04 18:32:00,495,62,62,62,62,62,62,61,62,61.88,62,61,1
2026-05-04 18:33:00,563,71,70,70,71,70,70,70,71,70.38,71,70,1
2026-05-04 18:34:00,451,56,56,57,57,57,56,56,56,56.38,57,56,1
2026-05-04 18:35:00,342,43,43,43,42,43,43,42,43,42.75,43,42,1
2026-05-04 18:36:00,333,41,42,41,42,41,42,42,42,41.62,42,41,1
2026-05-04 18:37:00,353,44,44,44,45,44,44,44,44,44.12,45,44,1
2026-05-04 18:38:00,575,72,72,72,71,72,72,72,72,71.88,72,71,1
2026-05-04 18:39:00,319,40,40,40,40,39,40,40,40,39.88,40,39,1
2026-05-04 18:40:00,594,74,74,75,75,74,74,74,74,74.25,75,74,1
2026-05-04 18:41:00,508,63,63,63,64,63,64,64,64,63.5,64,63,1
2026-05-04 18:42:00,521,65,65,65,65,65,66,65,65,65.12,66,65,1
2026-05-04 18:43:00,308,39,38,38,38,39,39,39,38,38.5,39,38,1
2026-05-04 18:44:00,303,38,38,38,38,38,38,38,37,37.88,38,37,1
2026-05-04 18:45:00,483,60,61,61,60,60,61,60,60,60.38,61,60,1
2026-05-04 18:46:00,454,56,57,57,57,57,57,57,56,56.75,57,56,1
2026-05-04 18:47:00,315,39,40,39,39,40,39,39,40,39.38,40,39,1
2026-05-04 18:48:00,412,51,51,52,52,52,52,51,51,51.5,52,51,1
2026-05-04 18:49:00,451,56,56,57,56,56,57,56,57,56.38,57,56,1
2026-05-04 18:50:00,631,79,79,79,78,79,79,79,79,78.88,79,78,1
2026-05-04 18:51:00,302,38,37,38,37,38,38,38,38,37.75,38,37,1
2026-05-04 18:52:00,476,59,59,59,60,60,60,59,60,59.5,60,59,1
2026-05-04 18:53:00,372,46,47,47,46,47,46,47,46,46.5,47,46,1
2026-05-04 18:54:00,429,54,54,53,54,54,53,54,53,53.62,54,53,1
2026-05-04 18:55:00,581,73,72,73,72,73,73,72,73,72.62,73,72,1
2026-05-04 18:56:00,643,81,81,81,80,80,80,80,80,80.38,81,80,1
2026-05-04 18:57:00,401,50,50,50,50,50,50,50,51,50.12,51,50,1
2026-05-04 18:58:00,469,59,59,58,58,58,59,59,59,58.62,59,58,1
2026-05-04 18:59:00,445,55,56,56,56,56,55,55,56,55.62,56,55,1
2026-05-04 19:00:00,468,58,59,58,58,59,59,58,59,58.5,59,58,1
2026-05-04 19:01:00,589,73,74,74,74,73,74,74,73,73.62,74,73,1
2026-05-04 19:02:00,302,37,38,38,38,37,38,38,38,37.75,38,37,1
2026-05-04 19:03:00,368,46,46,46,46,46,46,46,46,46.0,46,46,0
2026-05-04 19:04:00,647,80,81,81,81,81,81,81,81,80.88,81,80,1
2026-05-04 19:05:00,582,73,73,72,72,73,73,73,73,72.75,73,72,1
2026-05-04 19:06:00,371,46,46,47,47,46,47,46,46,46.38,47,46,1
2026-05-04 19:07:00,620,78,78,77,77,77,78,78,77,77.5,78,77,1
2026-05-04 19:08:00,559,70,69,70,70,70,70,70,70,69.88,70,69,1
2026-05-04 19:09:00,318,39,40,39,40,40,40,40,40,39.75,40,39,1
2026-05-04 19:10:00,500,62,62,63,63,63,62,63,62,62.5,63,62,1
2026-05-04 19:11:00,368,46,46,46,46,46,46,46,46,46.0,46,46,0
2026-05-04 19:12:00,537,67,68,67,67,67,67,67,67,67.12,68,67,1
2026-05-04 19:13:00,503,63,63,63,62,63,63,63,63,62.88,63,62,1
2026-05-04 19:14:00,528,66,66,66,66,66,66,66,66,66.0,66,66,0
2026-05-04 19:15:00,381,47,48,48,48,48,47,48,47,47.62,48,47,1
2026-05-04 19:16:00,483,61,61,60,61,60,60,60,60,60.38,61,60,1
2026-05-04 19:17:00,418,52,53,53,52,52,52,52,52,52.25,53,52,1
2026-05-04 19:18:00,489,61,61,61,62,61,61,61,61,61.12,62,61,1
2026-05-04 19:19:00,321,40,40,40,41,40,40,40,40,40.12,41,40,1
2026-05-04 19:20:00,565,71,70,70,71,70,71,71,71,70.62,71,70,1
2026-05-04 19:21:00,320,40,40,40,40,40,40,40,40,40.0,40,40,0
2026-05-04 19:22:00,632,79,79,79,79,79,79,79,79,79.0,79,79,0
2026-05-04 19:23:00,465,58,59,58,58,58,58,58,58,58.12,59,58,1
2026-05-04 19:24:00,566,70,71,71,71,71,71,71,70,70.75,71,70,1
2026-05-04 19:25:00,634,79,79,80,79,79,79,80,79,79.25,80,79,1
2026-05-04 19:26:00,600,75,75,75,75,75,75,75,75,75.0,75,75,0
2026-05-04 19:27:00,634,79,80,79,79,80,79,79,79,79.25,80,79,1
2026-05-04 19:28:00,428,53,54,53,54,54,53,54,53,53.5,54,53,1
2026-05-04 19:29:00,480,60,60,60,60,60,60,60,60,60.0,60,60,0
2026-05-04 19:30:00,476,59,59,59,60,60,59,60,60,59.5,60,59,1
2026-05-04 19:31:00,303,38,38,38,38,38,38,37,38,37.88,38,37,1
2026-05-04 19:32:00,408,51,51,51,51,51,51,51,51,51.0,51,51,0
2026-05-04 19:33:00,376,47,47,47,47,47,47,47,47,47.0,47,47,0
2026-05-04 19:34:00,395,49,49,50,49,50,49,49,50,49.38,50,49,1
2026-05-04 19:35:00,360,45,45,45,45,45,45,45,45,45.0,45,45,0
2026-05-04 19:36:00,638,80,79,80,80,79,80,80,80,79.75,80,79,1
2026-05-04 19:37:00,545,68,68,68,68,68,68,68,69,68.12,69,68,1
2026-05-04 19:38:00,407,51,51,51,51,51,51,50,51,50.88,51,50,1
2026-05-04 19:39:00,593,74,74,75,74,74,74,74,74,74.12,75,74,1
2026-05-04 19:40:00,368,46,46,46,46,46,46,46,46,46.0,46,46,0
2026-05-04 19:41:00,622,78,78,77,78,78,78,77,78,77.75,78,77,1
2026-05-04 19:42:00,392,49,49,49,49,49,49,49,49,49.0,49,49,0
2026-05-04 19:43:00,564,71,70,70,70,71,70,71,71,70.5,71,70,1
2026-05-04 19:44:00,638,80,80,79,80,80,80,79,80,79.75,80,79,1
2026-05-04 19:45:00,387,48,48,48,49,48,48,49,49,48.38,49,48,1
2026-05-04 19:46:00,607,76,76,76,75,76,76,76,76,75.88,76,75,1
2026-05-04 19:47:00,532,66,67,66,67,66,67,66,67,66.5,67,66,1
2026-05-04 19:48:00,367,46,46,46,46,46,45,46,46,45.88,46,45,1
2026-05-04 19:49:00,390,49,48,48,49,49,49,49,49,48.75,49,48,1
2026-05-04 19:50:00,546,68,68,69,68,69,68,68,68,68.25,69,68,1
2026-05-04 19:51:00,576,72,72,72,72,72,72,72,72,72.0,72,72,0
2026-05-04 19:52:00,300,37,37,38,38,38,37,38,37,37.5,38,37,1
2026-05-04 19:53:00,322,40,41,40,40,40,40,41,40,40.25,41,40,1
2026-05-04 19:54:00,546,68,68,69,68,68,68,69,68,68.25,69,68,1
2026-05-04 19:55:00,601,75,76,75,75,75,75,75,75,75.12,76,75,1
2026-05-04 19:56:00,517,65,65,65,65,64,64,64,65,64.62,65,64,1
2026-05-04 19:57:00,445,56,56,56,55,56,55,56,55,55.62,56,55,1
2026-05-04 19:58:00,595,75,75,74,74,75,74,74,74,74.38,75,74,1
2026-05-04 19:59:00,492,61,61,62,62,61,62,61,62,61.5,62,61,1
2026-05-04 20:00:00,485,60,61,61,61,61,60,60,61,60.62,61,60,1
2026-05-04 20:01:00,433,54,54,54,54,54,54,55,54,54.12,55,54,1
2026-05-04 20:02:00,589,73,74,74,74,74,74,73,73,73.62,74,73,1
2026-05-04 20:03:00,511,63,64,64,64,64,64,64,64,63.88,64,63,1
2026-05-04 20:04:00,595,74,74,74,74,74,75,75,75,74.38,75,74,1
2026-05-04 20:05:00,503,63,63,63,63,63,63,63,62,62.88,63,62,1
2026-05-04 20:06:00,351,44,44,44,44,44,44,43,44,43.88,44,43,1
2026-05-04 20:07:00,625,79,78,78,78,78,78,78,78,78.12,79,78,1
2026-05-04 20:08:00,346,43,43,44,44,43,43,43,43,43.25,44,43,1
2026-05-04 20:09:00,607,76,76,76,76,75,76,76,76,75.88,76,75,1
2026-05-04 20:10:00,611,77,76,76,77,76,77,76,76,76.38,77,76,1
2026-05-04 20:11:00,505,63,63,63,63,64,63,63,63,63.12,64,63,1
2026-05-04 20:12:00,605,76,76,75,76,76,75,76,75,75.62,76,75,1
2026-05-04 20:13:00,305,38,38,38,39,38,38,38,38,38.12,39,38,1
2026-05-04 20:14:00,636,80,80,79,79,80,79,79,80,79.5,80,79,1
2026-05-04 20:15:00,561,70,70,70,71,70,70,70,70,70.12,71,70,1
2026-05-04 20:16:00,614,77,77,77,76,77,77,76,77,76.75,77,76,1
2026-05-04 20:17:00,300,38,37,38,38,37,37,37,38,37.5,38,37,1
2026-05-04 20:18:00,480,60,60,60,60,60,60,60,60,60.0,60,60,0
2026-05-04 20:19:00,642,80,80,80,81,80,80,81,80,80.25,81,80,1
2026-05-04 20:20:00,600,75,75,75,75,75,75,75,75,75.0,75,75,0
2026-05-04 20:21:00,402,51,50,50,50,50,51,50,50,50.25,51,50,1
2026-05-04 20:22:00,335,41,42,42,42,42,42,42,42,41.88,42,41,1
2026-05-04 20:23:00,415,52,52,51,52,52,52,52,52,51.88,52,51,1
2026-05-04 20:24:00,508,64,64,63,63,64,63,64,63,63.5,64,63,1
2026-05-04 20:25:00,450,57,56,56,56,56,57,56,56,56.25,57,56,1
2026-05-04 20:26:00,562,70,70,70,70,71,70,70,71,70.25,71,70,1
2026-05-04 20:27:00,594,74,74,74,74,75,75,74,74,74.25,75,74,1
2026-05-04 20:28:00,526,65,66,66,66,66,65,66,66,65.75,66,65,1
2026-05-04 20:29:00,648,81,81,81,81,81,81,81,81,81.0,81,81,0
2026-05-04 20:30:00,535,67,67,67,67,66,67,67,67,66.88,67,66,1
2026-05-04 20:31:00,646,80,80,81,81,81,81,81,81,80.75,81,80,1
2026-05-04 20:32:00,574,72,72,72,71,71,72,72,72,71.75,72,71,1
2026-05-04 20:33:00,504,63,63,63,63,63,63,63,63,63.0,63,63,0
2026-05-04 20:34:00,644,81,81,80,80,81,81,80,80,80.5,81,80,1
2026-05-04 20:35:00,543,68,68,68,68,68,68,68,67,67.88,68,67,1
2026-05-04 20:36:00,555,69,70,69,70,69,70,69,69,69.38,70,69,1
2026-05-04 20:37:00,423,52,53,53,53,53,53,53,53,52.88,53,52,1
2026-05-04 20:38:00,379,48,48,47,47,47,47,48,47,47.38,48,47,1
2026-05-04 20:39:00,646,81,81,80,80,81,81,81,81,80.75,81,80,1
2026-05-04 20:40:00,490,61,61,61,62,61,62,61,61,61.25,62,61,1
2026-05-04 20:41:00,594,74,74,74,75,75,74,74,74,74.25,75,74,1
2026-05-04 20:42:00,393,49,49,49,49,50,49,49,49,49.12,50,49,1
2026-05-04 20:43:00,503,63,63,63,63,63,63,63,62,62.88,63,62,1
2026-05-04 20:44:00,544,68,68,68,68,68,68,68,68,68.0,68,68,0
2026-05-04 20:45:00,576,72,72,72,72,72,72,72,72,72.0,72,72,0
2026-05-04 20:46:00,316,39,40,39,40,39,40,39,40,39.5,40,39,1
2026-05-04 20:47:00,534,66,67,67,67,67,67,67,66,66.75,67,66,1
2026-05-04 20:48:00,304,38,38,38,38,38,38,38,38,38.0,38,38,0
2026-05-04 20:49:00,306,38,38,38,39,38,38,38,39,38.25,39,38,1
2026-05-04 20:50:00,597,74,75,75,74,75,75,75,74,74.62,75,74,1
2026-05-04 20:51:00,395,49,50,50,49,50,49,49,49,49.38,50,49,1
2026-05-04 20:52:00,541,67,68,68,68,68,68,67,67,67.62,68,67,1
2026-05-04 20:53:00,407,50,51,51,51,51,51,51,51,50.88,51,50,1
2026-05-04 20:54:00,392,49,49,49,49,49,49,49,49,49.0,49,49,0
2026-05-04 20:55:00,592,74,74,74,74,74,74,74,74,74.0,74,74,0
2026-05-04 20:56:00,367,46,46,46,46,46,45,46,46,45.88,46,45,1
2026-05-04 20:57:00,495,62,62,62,62,61,62,62,62,61.88,62,61,1
2026-05-04 20:58:00,515,64,65,64,64,64,65,64,65,64.38,65,64,1
2026-05-04 20:59:00,564,70,70,71,71,70,71,71,70,70.5,71,70,1
2026-05-04 21:00:00,428,54,54,53,54,53,53,53,54,53.5,54,53,1
2026-05-04 21:01:00,330,41,41,41,42,41,41,42,41,41.25,42,41,1
2026-05-04 21:02:00,430,54,53,54,54,53,54,54,54,53.75,54,53,1
2026-05-04 21:03:00,471,59,59,59,58,59,59,59,59,58.88,59,58,1
2026-05-04 21:04:00,510,63,64,64,63,64,64,64,64,63.75,64,63,1
2026-05-04 21:05:00,594,74,74,75,74,74,74,75,74,74.25,75,74,1
2026-05-04 21:06:00,445,55,55,56,56,56,56,55,56,55.62,56,55,1
2026-05-04 21:07:00,528,66,66,66,66,66,66,66,66,66.0,66,66,0
2026-05-04 21:08:00,340,42,42,43,43,43,42,43,42,42.5,43,42,1
2026-05-04 21:09:00,623,77,78,78,78,78,78,78,78,77.88,78,77,1
2026-05-04 21:10:00,336,42,42,42,42,42,42,42,42,42.0,42,42,0
2026-05-04 21:11:00,340,42,43,43,42,42,42,43,43,42.5,43,42,1
2026-05-04 21:12:00,462,57,58,58,58,58,58,57,58,57.75,58,57,1
2026-05-04 21:13:00,527,66,66,65,66,66,66,66,66,65.88,66,65,1
2026-05-04 21:14:00,394,50,50,49,49,49,49,49,49,49.25,50,49,1
2026-05-04 21:15:00,420,53,52,52,52,53,53,53,52,52.5,53,52,1
2026-05-04 21:16:00,407,51,51,51,51,51,51,51,50,50.88,51,50,1
2026-05-04 21:17:00,313,39,39,39,39,39,39,40,39,39.12,40,39,1
2026-05-04 21:18:00,568,71,71,71,71,71,71,71,71,71.0,71,71,0
2026-05-04 21:19:00,342,43,43,43,42,43,42,43,43,42.75,43,42,1
2026-05-04 21:20:00,499,62,63,62,62,63,62,63,62,62.38,63,62,1
2026-05-04 21:21:00,445,55,56,55,55,56,56,56,56,55.62,56,55,1
2026-05-04 21:22:00,314,40,39,39,39,39,40,39,39,39.25,40,39,1
2026-05-04 21:23:00,482,60,60,60,60,60,61,61,60,60.25,61,60,1
2026-05-04 21:24:00,543,68,67,68,68,68,68,68,68,67.88,68,67,1
2026-05-04 21:25:00,602,75,75,75,75,75,76,75,76,75.25,76,75,1
2026-05-04 21:26:00,625,78,78,78,78,78,78,79,78,78.12,79,78,1
2026-05-04 21:27:00,568,71,71,71,71,71,71,71,71,71.0,71,71,0
2026-05-04 21:28:00,627,78,78,79,79,79,78,78,78,78.38,79,78,1
2026-05-04 21:29:00,576,72,72,72,72,72,72,72,72,72.0,72,72,0
2026-05-04 21:30:00,416,52,52,52,52,52,52,52,52,52.0,52,52,0
2026-05-04 21:31:00,345,43,43,43,43,43,43,43,44,43.12,44,43,1
2026-05-04 21:32:00,457,57,57,57,57,57,58,57,57,57.12,58,57,1
2026-05-04 21:33:00,511,64,64,64,64,64,64,63,64,63.88,64,63,1
2026-05-04 21:34:00,476,60,59,59,60,60,59,59,60,59.5,60,59,1
2026-05-04 21:35:00,551,69,68,69,69,69,69,69,69,68.88,69,68,1
2026-05-04 21:36:00,303,38,38,37,38,38,38,38,38,37.88,38,37,1
2026-05-04 21:37:00,383,48,48,48,48,48,47,48,48,47.88,48,47,1
2026-05-04 21:38:00,620,77,77,78,78,78,77,78,77,77.5,78,77,1
2026-05-04 21:39:00,445,56,56,55,56,56,56,55,55,55.62,56,55,1
2026-05-04 21:40:00,369,46,46,46,46,47,46,46,46,46.12,47,46,1
2026-05-04 21:41:00,356,44,44,45,45,45,44,44,45,44.5,45,44,1
2026-05-04 21:42:00,618,77,78,77,77,77,77,77,78,77.25,78,77,1
2026-05-04 21:43:00,464,58,58,58,58,58,58,58,58,58.0,58,58,0
2026-05-04 21:44:00,309,39,39,39,38,39,38,39,38,38.62,39,38,1
2026-05-04 21:45:00,352,44,44,44,44,44,44,44,44,44.0,44,44,0
2026-05-04 21:46:00,444,55,56,55,56,56,56,55,55,55.5,56,55,1
2026-05-04 21:47:00,304,38,38,38,38,38,38,38,38,38.0,38,38,0
2026-05-04 21:48:00,419,53,53,52,52,52,52,52,53,52.38,53,52,1
2026-05-04 21:49:00,552,69,69,69,69,69,69,69,69,69.0,69,69,0
2026-05-04 21:50:00,411,51,51,52,52,51,52,51,51,51.38,52,51,1
2026-05-04 21:51:00,555,69,69,69,70,69,70,69,70,69.38,70,69,1
2026-05-04 21:52:00,316,40,40,39,39,39,40,40,39,39.5,40,39,1
2026-05-04 21:53:00,436,55,54,54,55,55,54,55,54,54.5,55,54,1
2026-05-04 21:54:00,392,49,49,49,49,49,49,49,49,49.0,49,49,0
2026-05-04 21:55:00,398,50,49,50,50,50,49,50,50,49.75,50,49,1
2026-05-04 21:56:00,427,53,53,53,54,53,53,54,54,53.38,54,53,1
2026-05-04 21:57:00,426,54,54,53,53,53,53,53,53,53.25,54,53,1
2026-05-04 21:58:00,535,66,67,67,67,67,67,67,67,66.88,67,66,1
2026-05-04 21:59:00,465,58,58,59,58,58,58,58,58,58.12,59,58,1
2026-05-04 22:00:00,130,16,17,17,16,16,16,16,16,16.25,17,16,1
2026-05-04 22:01:00,243,30,31,31,30,31,30,30,30,30.38,31,30,1
2026-05-04 22:02:00,133,17,17,17,17,16,16,16,17,16.62,17,16,1
2026-05-04 22:03:00,123,15,15,16,15,15,15,16,16,15.38,16,15,1
2026-05-04 22:04:00,269,34,34,33,34,34,33,33,34,33.62,34,33,1
2026-05-04 22:05:00,268,33,34,33,33,34,34,33,34,33.5,34,33,1
2026-05-04 22:06:00,215,27,27,27,27,26,27,27,27,26.88,27,26,1
2026-05-04 22:07:00,280,35,35,35,35,35,35,35,35,35.0,35,35,0
2026-05-04 22:08:00,135,17,17,17,17,17,17,16,17,16.88,17,16,1
2026-05-04 22:09:00,179,22,22,22,22,23,23,22,23,22.38,23,22,1
2026-05-04 22:10:00,208,26,26,26,26,26,26,26,26,26.0,26,26,0
2026-05-04 22:11:00,232,29,29,29,29,29,29,29,29,29.0,29,29,0
2026-05-04 22:12:00,169,22,21,21,21,21,21,21,21,21.12,22,21,1
2026-05-04 22:13:00,216,27,27,27,27,27,27,27,27,27.0,27,27,0
2026-05-04 22:14:00,211,27,26,27,26,26,26,26,27,26.38,27,26,1
2026-05-04 22:15:00,244,30,30,31,30,31,30,31,31,30.5,31,30,1
2026-05-04 22:16:00,245,30,31,31,31,31,30,31,30,30.62,31,30,1
2026-05-04 22:17:00,202,25,25,26,25,25,25,25,26,25.25,26,25,1
2026-05-04 22:18:00,273,34,34,35,34,34,34,34,34,34.12,35,34,1
2026-05-04 22:19:00,137,17,17,18,17,17,17,17,17,17.12,18,17,1
2026-05-04 22:20:00,235,29,29,30,29,30,29,30,29,29.38,30,29,1
2026-05-04 22:21:00,258,32,32,32,33,32,33,32,32,32.25,33,32,1
2026-05-04 22:22:00,120,15,15,15,15,15,15,15,15,15.0,15,15,0
2026-05-04 22:23:00,249,31,31,31,31,31,31,32,31,31.12,32,31,1
2026-05-04 22:24:00,167,21,21,21,21,21,20,21,21,20.88,21,20,1
2026-05-04 22:25:00,257,32,32,32,32,32,32,33,32,32.12,33,32,1
2026-05-04 22:26:00,168,21,21,21,21,21,21,21,21,21.0,21,21,0
2026-05-04 22:27:00,254,31,32,32,31,32,32,32,32,31.75,32,31,1
2026-05-04 22:28:00,224,28,28,28,28,28,28,28,28,28.0,28,28,0
2026-05-04 22:29:00,202,26,26,25,25,25,25,25,25,25.25,26,25,1
2026-05-04 22:30:00,253,32,32,31,31,31,32,32,32,31.62,32,31,1
2026-05-04 22:31:00,171,21,22,21,22,21,21,21,22,21.38,22,21,1
2026-05-04 22:32:00,145,19,18,18,18,18,18,18,18,18.12,19,18,1
2026-05-04 22:33:00,266,33,33,33,33,33,34,34,33,33.25,34,33,1
2026-05-04 22:34:00,245,31,31,31,30,31,30,31,30,30.62,31,30,1
2026-05-04 22:35:00,123,15,15,15,16,15,16,15,16,15.38,16,15,1
2026-05-04 22:36:00,140,18,17,17,17,17,18,18,18,17.5,18,17,1
2026-05-04 22:37:00,212,27,26,27,26,26,26,27,27,26.5,27,26,1
2026-05-04 22:38:00,277,35,34,35,34,35,35,34,35,34.62,35,34,1
2026-05-04 22:39:00,139,18,17,17,18,18,17,17,17,17.38,18,17,1
2026-05-04 22:40:00,145,18,18,18,19,18,18,18,18,18.12,19,18,1
2026-05-04 22:41:00,256,32,32,32,32,32,32,32,32,32.0,32,32,0
2026-05-04 22:42:00,218,27,28,27,28,27,27,27,27,27.25,28,27,1
2026-05-04 22:43:00,254,31,32,32,32,32,32,31,32,31.75,32,31,1
2026-05-04 22:44:00,147,18,18,18,19,18,19,18,19,18.38,19,18,1
2026-05-04 22:45:00,229,28,29,28,29,29,28,29,29,28.62,29,28,1
2026-05-04 22:46:00,249,31,31,31,31,31,32,31,31,31.12,32,31,1
2026-05-04 22:47:00,160,20,20,20,20,20,20,20,20,20.0,20,20,0
2026-05-04 22:48:00,256,32,32,32,32,32,32,32,32,32.0,32,32,0
2026-05-04 22:49:00,273,34,34,34,34,34,34,34,35,34.12,35,34,1
2026-05-04 22:50:00,210,26,26,26,26,27,27,26,26,26.25,27,26,1
2026-05-04 22:51:00,203,25,25,25,26,25,26,25,26,25.38,26,25,1
2026-05-04 22:52:00,230,28,29,28,29,29,29,29,29,28.75,29,28,1
2026-05-04 22:53:00,260,32,32,33,33,33,33,32,32,32.5,33,32,1
2026-05-04 22:54:00,221,28,27,28,27,27,28,28,28,27.62,28,27,1
2026-05-04 22:55:00,252,32,31,32,31,31,31,32,32,31.5,32,31,1
2026-05-04 22:56:00,176,22,22,22,22,22,22,22,22,22.0,22,22,0
2026-05-04 22:57:00,174,22,22,22,21,21,22,22,22,21.75,22,21,1
2026-05-04 22:58:00,129,16,16,16,16,16,16,16,17,16.12,17,16,1
2026-05-04 22:59:00,211,26,27,27,26,26,26,26,27,26.38,27,26,1
2026-05-04 23:00:00,213,27,27,27,27,26,27,26,26,26.62,27,26,1
2026-05-04 23:01:00,266,33,33,33,33,34,33,34,33,33.25,34,33,1
2026-05-04 23:02:00,175,22,22,22,22,22,22,21,22,21.88,22,21,1
2026-05-04 23:03:00,272,34,34,34,34,34,34,34,34,34.0,34,34,0
2026-05-04 23:04:00,196,25,24,24,25,25,25,24,24,24.5,25,24,1
2026-05-04 23:05:00,140,18,17,18,17,17,18,18,17,17.5,18,17,1
2026-05-04 23:06:00,231,29,29,29,28,29,29,29,29,28.88,29,28,1
2026-05-04 23:07:00,133,17,17,17,16,17,16,16,17,16.62,17,16,1
2026-05-04 23:08:00,203,26,26,25,26,25,25,25,25,25.38,26,25,1
2026-05-04 23:09:00,220,27,27,27,27,28,28,28,28,27.5,28,27,1
2026-05-04 23:10:00,249,31,32,31,31,31,31,31,31,31.12,32,31,1
2026-05-04 23:11:00,176,22,22,22,22,22,22,22,22,22.0,22,22,0
2026-05-04 23:12:00,230,28,29,28,29,29,29,29,29,28.75,29,28,1
2026-05-04 23:13:00,141,18,17,17,18,18,18,17,18,17.62,18,17,1
2026-05-04 23:14:00,187,23,24,23,24,24,23,23,23,23.38,24,23,1
2026-05-04 23:15:00,231,28,29,29,29,29,29,29,29,28.88,29,28,1
2026-05-04 23:16:00,266,33,33,33,34,34,33,33,33,33.25,34,33,1
2026-05-04 23:17:00,277,35,35,35,35,34,34,34,35,34.62,35,34,1
2026-05-04 23:18:00,202,26,26,25,25,25,25,25,25,25.25,26,25,1
2026-05-04 23:19:00,225,28,28,28,28,28,28,29,28,28.12,29,28,1
2026-05-04 23:20:00,213,27,27,27,26,26,27,26,27,26.62,27,26,1
2026-05-04 23:21:00,198,24,25,25,25,25,25,24,25,24.75,25,24,1
2026-05-04 23:22:00,131,16,17,16,17,16,17,16,16,16.38,17,16,1
2026-05-04 23:23:00,215,27,26,27,27,27,27,27,27,26.88,27,26,1
2026-05-04 23:24:00,182,23,22,23,23,22,23,23,23,22.75,23,22,1
2026-05-04 23:25:00,148,19,18,18,19,19,18,19,18,18.5,19,18,1
2026-05-04 23:26:00,204,25,26,25,26,26,26,25,25,25.5,26,25,1
2026-05-04 23:27:00,172,21,21,21,22,22,21,22,22,21.5,22,21,1
2026-05-04 23:28:00,156,20,19,19,20,20,20,19,19,19.5,20,19,1
2026-05-04 23:29:00,131,17,17,16,16,17,16,16,16,16.38,17,16,1
2026-05-04 23:30:00,192,24,24,24,24,24,24,24,24,24.0,24,24,0
2026-05-04 23:31:00,171,22,21,21,22,22,21,21,21,21.38,22,21,1
2026-05-04 23:32:00,122,15,16,15,16,15,15,15,15,15.25,16,15,1
2026-05-04 23:33:00,189,24,23,24,23,23,24,24,24,23.62,24,23,1
2026-05-04 23:34:00,218,27,27,27,28,27,27,27,28,27.25,28,27,1
2026-05-04 23:35:00,250,31,32,32,31,31,31,31,31,31.25,32,31,1
2026-05-04 23:36:00,244,30,31,30,30,31,30,31,31,30.5,31,30,1
2026-05-04 23:37:00,237,30,30,30,29,30,29,29,30,29.62,30,29,1
2026-05-04 23:38:00,205,26,26,25,26,25,26,25,26,25.62,26,25,1
2026-05-04 23:39:00,208,26,26,26,26,26,26,26,26,26.0,26,26,0
2026-05-04 23:40:00,210,26,26,26,26,26,27,26,27,26.25,27,26,1
2026-05-04 23:41:00,197,25,24,25,25,25,25,24,24,24.62,25,24,1
2026-05-04 23:42:00,219,28,27,28,27,28,27,27,27,27.38,28,27,1
2026-05-04 23:43:00,177,22,22,23,22,22,22,22,22,22.12,23,22,1
2026-05-04 23:44:00,207,26,26,26,26,26,26,26,25,25.88,26,25,1
2026-05-04 23:45:00,226,28,28,28,29,29,28,28,28,28.25,29,28,1
2026-05-04 23:46:00,159,20,19,20,20,20,20,20,20,19.88,20,19,1
2026-05-04 23:47:00,172,21,22,22,21,22,21,22,21,21.5,22,21,1
2026-05-04 23:48:00,155,19,19,19,19,20,20,20,19,19.38,20,19,1
2026-05-04 23:49:00,254,31,32,32,32,32,32,32,31,31.75,32,31,1
2026-05-04 23:50:00,137,17,18,17,17,17,17,17,17,17.12,18,17,1
2026-05-04 23:51:00,167,21,21,21,21,20,21,21,21,20.88,21,20,1
2026-05-04 23:52:00,197,24,25,25,24,24,25,25,25,24.62,25,24,1
2026-05-04 23:53:00,168,21,21,21,21,21,21,21,21,21.0,21,21,0
2026-05-04 23:54:00,147,19,19,19,18,18,18,18,18,18.38,19,18,1
2026-05-04 23:55:00,276,34,34,34,34,35,35,35,35,34.5,35,34,1
2026-05-04 23:56:00,179,22,23,22,23,22,23,22,22,22.38,23,22,1
2026-05-04 23:57:00,126,16,16,16,16,15,16,15,16,15.75,16,15,1
2026-05-04 23:58:00,274,34,34,34,34,34,35,34,35,34.25,35,34,1
2026-05-04 23:59:00,215,27,26,27,27,27,27,27,27,26.88,27,26,1
